date (small set)_0,date_0,string (small set)_0,int_0,educationLevel_0,zip code_0,int_1,int_2,null_0,string (small set)_1,boolean_0,object_0,float (small set)_0,int_3,null_1,object_1,gender_0,string (small set)_2,float_0,string_0,zip code_1,age_0,income_0,income_1,int_4
2004-08-29T16:29:23.519Z,1972-07-21T14:31:00.811Z,17cg018b0a69f12,108,2,54895,-75,-68,,87f4dbd52gf13g399,false,"{""id"":""2db87eg4"",""age"":69,""favoriteIceCreamFlavor"":""chocolate""}",79.09138665023542,-81,,"{""id"":""d02820ef"",""age"":2,""favoriteIceCreamFlavor"":""vanilla""}",prefer not to say,756eg34a27g055,-76.31078885071246,6f6,92936,34,56017,55773,-145
1982-06-06T23:29:15.669Z,1981-04-08T09:26:53.463Z,17cg018b0a69f12,131,4,24590,-76,-91,,cef1bd32ef74b5c963aa,true,"{""id"":""0a5fab4a"",""age"":74,""favoriteIceCreamFlavor"":""vanilla""}",83.25862821825866,-5,,"{""id"":""b94edb94"",""age"":19,""favoriteIceCreamFlavor"":""strawberry""}",male,756eg34a27g055,-71.42293590378922,b1e12dg6,73211,49,69049,27779,307
1992-03-02T02:26:53.996Z,1985-01-19T03:37:00.619Z,17cg018b0a69f12,-18,2,93721,-75,-80,,87f4dbd52gf13g399,false,"{""id"":""2dddd06c"",""age"":65,""favoriteIceCreamFlavor"":""strawberry""}",83.25862821825866,70,,"{""id"":""937g4446"",""age"":7,""favoriteIceCreamFlavor"":""chocolate""}",other,2ffa741a1143998g2a,-71.47637618376277,dc,11419,53,25984,45755,-26
1982-06-06T23:29:15.669Z,1974-05-30T07:25:44.511Z,c7d8a7db4gf48149f6c,32,0,39965,-76,-102,,g2eb72d,true,"{""id"":""fd8a098b"",""age"":75,""favoriteIceCreamFlavor"":""strawberry""}",-89.01402913429055,100,true,"{""id"":""gcg4bdb6"",""age"":89,""favoriteIceCreamFlavor"":""chocolate""}",male,6d,-59.08660223036631,8d285f60d,16423,45,53759,87197,216
1982-06-06T23:29:15.669Z,1984-08-18T07:11:35.877Z,2eee10071da17b3663,-10,0,10902,-76,-66,,883f21c62197g19g,true,"{""id"":""fb7bed39"",""age"":23,""favoriteIceCreamFlavor"":""chocolate""}",123.71581099041869,-166,,"{""id"":""31ef6319"",""age"":82,""favoriteIceCreamFlavor"":""vanilla""}",male,ffefgcf0ed7f,-66.82669066267381,10720f2504d7527a3980,58448,54,28379,39544,-32
1970-03-11T02:43:37.321Z,1992-10-21T05:36:11.378Z,17cg018b0a69f12,24,2,30661,-75,-76,,6,true,"{""id"":""2b4ed4a2"",""age"":11,""favoriteIceCreamFlavor"":""chocolate""}",,-189,,"{""id"":""4gc49592"",""age"":53,""favoriteIceCreamFlavor"":""strawberry""}",female,2ffa741a1143998g2a,-73.03993160886856,56fab32g,95930,41,51548,34198,134
1982-06-06T23:29:15.669Z,2008-03-08T23:35:23.522Z,17cg018b0a69f12,44,4,16163,-75,-108,,d45b23845691720bb,false,"{""id"":""02g44373"",""age"":60,""favoriteIceCreamFlavor"":""vanilla""}",-158.87834829693205,93,,"{""id"":""ccg35g57"",""age"":38,""favoriteIceCreamFlavor"":""chocolate""}",male,ffefgcf0ed7f,-53.29183029869457,4a31gg4egc7a0de,66967,43,60035,103369,184
1992-03-02T02:26:53.996Z,1977-03-06T03:33:13.150Z,edce4,125,4,71431,-75,-79,,ff6g,true,"{""id"":""4fd8e5e0"",""age"":66,""favoriteIceCreamFlavor"":""chocolate""}",123.71581099041869,52,,"{""id"":""cb1ab8b2"",""age"":37,""favoriteIceCreamFlavor"":""strawberry""}",other,756eg34a27g055,-74.48973439443044,2eg4fg26f269bgb6d83,44353,55,60100,67315,160
1992-03-02T02:26:53.996Z,1975-03-20T12:41:03.840Z,2eee10071da17b3663,88,4,94610,-76,-60,,883f21c62197g19g,false,"{""id"":""897b340a"",""age"":85,""favoriteIceCreamFlavor"":""vanilla""}",-62.77337432583313,-220,,"{""id"":""ea146bb0"",""age"":100,""favoriteIceCreamFlavor"":""vanilla""}",female,756eg34a27g055,-67.75396585669323,1366d1d0ae8ab2g,58372,38,38411,97537,319
1982-06-06T23:29:15.669Z,2021-07-23T12:26:31.529Z,2eee10071da17b3663,83,3,79891,-75,-100,,ggf53e76d6a1,false,"{""id"":""d5e76e5g"",""age"":10,""favoriteIceCreamFlavor"":""strawberry""}",-108.5563195036132,-82,,"{""id"":""6057gd3f"",""age"":20,""favoriteIceCreamFlavor"":""strawberry""}",female,ffefgcf0ed7f,-88.17428180266214,73374abge05ccgec,46819,41,63079,32822,113
1982-06-06T23:29:15.669Z,1974-07-23T00:04:32.142Z,03ef2g,45,1,39323,-76,-111,,6,false,"{""id"":""8cc2ffe1"",""age"":46,""favoriteIceCreamFlavor"":""vanilla""}",123.71581099041869,-197,,"{""id"":""11bg6ga6"",""age"":7,""favoriteIceCreamFlavor"":""strawberry""}",51849,6d,-75.25416642372444,18ag486,39311,51,80119,31022,-272
1992-03-02T02:26:53.996Z,1985-02-21T21:00:57.116Z,edce4,-26,4,82402,-76,-61,,ggf53e76d6a1,false,"{""id"":""d0f7517f"",""age"":89,""favoriteIceCreamFlavor"":""strawberry""}",-108.5563195036132,-133,,"{""id"":""6e250f1f"",""age"":18,""favoriteIceCreamFlavor"":""chocolate""}",other,756eg34a27g055,-72.24693922387713,fd4f3291cag,58774,33,70035,43828,186
2004-08-29T16:29:23.519Z,2012-10-29T10:10:29.019Z,8965g2ge82ad,-72,4,66795,-76,-58,,cg6077dg1b7d69be39e3,false,"{""id"":""f74ce756"",""age"":0,""favoriteIceCreamFlavor"":""chocolate""}",83.25862821825866,-263,,"{""id"":""9990c5d0"",""age"":90,""favoriteIceCreamFlavor"":""chocolate""}",other,756eg34a27g055,-58.02927838487557,ef20dg5a0577865,48682,44,25280,59603,107
1970-03-11T02:43:37.321Z,1977-08-29T01:31:29.979Z,g155af180871ee246,-18,4,25701,-76,-72,,ff6g,false,"{""id"":""g597de33"",""age"":48,""favoriteIceCreamFlavor"":""strawberry""}",79.09138665023542,-258,,"{""id"":""ca523032"",""age"":86,""favoriteIceCreamFlavor"":""strawberry""}",other,6d,-63.15576451635071,c1efcc,45760,57,42528,84062,63
1992-03-02T02:26:53.996Z,2009-07-15T21:40:25.393Z,17cg018b0a69f12,24,2,47571,,-13,,d45b23845691720bb,true,"{""id"":""3gc77564"",""age"":6,""favoriteIceCreamFlavor"":""vanilla""}",83.25862821825866,27,,"{""id"":""dd288440"",""age"":40,""favoriteIceCreamFlavor"":""vanilla""}",other,ffefgcf0ed7f,-83.37591344566945,4e447a3bbda8b7,49259,36,58613,43405,239
2004-08-29T16:29:23.519Z,2000-08-10T09:24:50.978Z,8965g2ge82ad,43,4,"{""id"":""73de6g47"",""age"":70,""favoriteIceCreamFlavor"":""chocolate""}",-76,-95,,g2eb72d,false,"{""id"":""445e2654"",""age"":10,""favoriteIceCreamFlavor"":""chocolate""}",79.09138665023542,-236,,"{""id"":""ffb21af5"",""age"":19,""favoriteIceCreamFlavor"":""strawberry""}",other,ffefgcf0ed7f,-64.05406710705681,fdg1g0188,10632,27,71921,31145,232
1970-03-11T02:43:37.321Z,2022-06-11T19:27:32.828Z,17cg018b0a69f12,41,2,64233,-75,-96,,g2eb72d,false,"{""id"":""9d607704"",""age"":97,""favoriteIceCreamFlavor"":""strawberry""}",-51.75925927803185,-293,41,"{""id"":""1c645ag5"",""age"":24,""favoriteIceCreamFlavor"":""chocolate""}",male,ffefgcf0ed7f,-64.05469578112127,d4d4d18ec8dee5e174ff,33665,37,52190,21339,148
2004-08-29T16:29:23.519Z,1991-01-19T04:16:59.748Z,c7d8a7db4gf48149f6c,60,0,35144,-77,-12,ff6g,ggf53e76d6a1,false,"{""id"":""4ec2aa60"",""age"":35,""favoriteIceCreamFlavor"":""chocolate""}",-51.75925927803185,-269,,"{""id"":""ed8380c1"",""age"":86,""favoriteIceCreamFlavor"":""chocolate""}",female,,-69.69350247506266,f6042492e09136,71442,49,125678,54567,-128
1970-03-11T02:43:37.321Z,1995-11-08T22:37:28.082Z,edce4,-8,4,45273,-76,-171,,d45b23845691720bb,false,"{""id"":""7d76g17a"",""age"":2,""favoriteIceCreamFlavor"":""chocolate""}",-89.01402913429055,-280,,"{""id"":""b03dff79"",""age"":58,""favoriteIceCreamFlavor"":""strawberry""}",female,2ffa741a1143998g2a,-76.46849649811041,56c19e4506,29692,39,61049,61876,85
1970-03-11T02:43:37.321Z,2020-09-06T12:28:04.950Z,8965g2ge82ad,-48,5,96582,-75,-80,,g2eb72d,true,"{""id"":""gf68256f"",""age"":47,""favoriteIceCreamFlavor"":""vanilla""}",-51.75925927803185,20,,"{""id"":""3g609848"",""age"":95,""favoriteIceCreamFlavor"":""vanilla""}",male,6d,-77.04952499725822,d9beb414c11226f7e4,31143,44,33996,113020,46
1982-06-06T23:29:15.669Z,1992-12-10T19:43:53.051Z,8965g2ge82ad,84,1,51352,-77,-75,,6,true,"{""id"":""8efbd2be"",""age"":92,""favoriteIceCreamFlavor"":""vanilla""}",-13.472313371291857,-71,,"{""id"":""aaf8f02f"",""age"":56,""favoriteIceCreamFlavor"":""vanilla""}",prefer not to say,756eg34a27g055,-60.160402425490716,c69,80488,46,51660,56158,-55
1992-03-02T02:26:53.996Z,2010-08-10T21:56:46.623Z,17cg018b0a69f12,132,4,62040,-76,-127,,87f4dbd52gf13g399,false,"{""id"":""7cfg8457"",""age"":85,""favoriteIceCreamFlavor"":""chocolate""}",83.25862821825866,-77,,"{""id"":""g0f5b5bb"",""age"":23,""favoriteIceCreamFlavor"":""chocolate""}",female,2ffa741a1143998g2a,-58.300183806921886,a9da04fdg5adfdb6bc,92631,40,53723,28455,161
2004-08-29T16:29:23.519Z,2007-11-13T13:34:46.455Z,17cg018b0a69f12,-151,2,28703,-75,-138,,ggf53e76d6a1,true,"{""id"":""7afg4c03"",""age"":1,""favoriteIceCreamFlavor"":""vanilla""}",79.09138665023542,-212,,"{""id"":""2e1fg09f"",""age"":16,""favoriteIceCreamFlavor"":""vanilla""}",other,2ffa741a1143998g2a,-95.10184089695494,a2a4f745a43fdc93,ff6g,50,114508,63512,-56
1992-03-02T02:26:53.996Z,2012-10-13T22:37:38.087Z,c7d8a7db4gf48149f6c,-58,3,67912,-76,-46,,cg6077dg1b7d69be39e3,true,"{""id"":""5g2ec0ef"",""age"":15,""favoriteIceCreamFlavor"":""chocolate""}",79.09138665023542,-73,,"{""id"":""57291e1e"",""age"":74,""favoriteIceCreamFlavor"":""vanilla""}",female,2ffa741a1143998g2a,-60.16459050564469,4gb758b3f28cd3a2g8fb,39281,21,56287,,-50
1992-03-02T02:26:53.996Z,g47b42d,17cg018b0a69f12,-19,0,68803,-77,-37,,g2eb72d,true,"{""id"":""0e38f43e"",""age"":61,""favoriteIceCreamFlavor"":""vanilla""}",-62.77337432583313,-218,,"{""id"":""7582f701"",""age"":32,""favoriteIceCreamFlavor"":""chocolate""}",other,ffefgcf0ed7f,-43.68844229403108,26gc23ec26ee6b59a7,77115,49,53649,72208,-20
1982-06-06T23:29:15.669Z,2006-04-03T06:44:15.165Z,g155af180871ee246,22,4,94967,,-121,,cef1bd32ef74b5c963aa,false,"{""id"":""d07195b1"",""age"":15,""favoriteIceCreamFlavor"":""chocolate""}",-108.5563195036132,-85,,"{""id"":""f5a8gc1d"",""age"":4,""favoriteIceCreamFlavor"":""vanilla""}",female,75137,-58.76611111643073,9087b1,60912,31,38817,52535,-66
1970-03-11T02:43:37.321Z,2004-05-14T10:37:29.720Z,c7d8a7db4gf48149f6c,83,2,73287,-76,-117,,ggf53e76d6a1,false,"{""id"":""cf03b250"",""age"":88,""favoriteIceCreamFlavor"":""chocolate""}",-51.75925927803185,-152,,"{""id"":""d6bg558d"",""age"":76,""favoriteIceCreamFlavor"":""vanilla""}",female,756eg34a27g055,-92.62082034043496,dea79,54677,29,43514,92162,265
1970-03-11T02:43:37.321Z,2004-04-28T06:47:50.169Z,03ef2g,-111,756eg34a27g055,71340,ggf53e76d6a1,-51,,87f4dbd52gf13g399,false,"{""id"":""1122135e"",""age"":85,""favoriteIceCreamFlavor"":""chocolate""}",-13.472313371291857,-64,,"{""id"":""34c9a30a"",""age"":64,""favoriteIceCreamFlavor"":""strawberry""}",male,2ffa741a1143998g2a,-25.908474100220083,0d1eec70e23d0,47688,31,116482,132016,108
1982-06-06T23:29:15.669Z,1992-03-17T04:35:54.336Z,8965g2ge82ad,117,3,22377,-76,-83,,ff6g,true,"{""id"":""d966a452"",""age"":1,""favoriteIceCreamFlavor"":""chocolate""}",123.71581099041869,122,,"{""id"":""7fd407d1"",""age"":32,""favoriteIceCreamFlavor"":""chocolate""}",other,6d,-75.29902108790837,e74888c38fa6,75378,33,33132,69609,96
1970-03-11T02:43:37.321Z,1994-05-24T01:40:22.944Z,2eee10071da17b3663,-34,2,54324,-75,-46,,cef1bd32ef74b5c963aa,false,"{""id"":""9cca4637"",""age"":35,""favoriteIceCreamFlavor"":""vanilla""}",79.09138665023542,18,,"{""id"":""g5f10506"",""age"":29,""favoriteIceCreamFlavor"":""strawberry""}",female,6d,-61.85434554184832,ad7ac,71280,53,58449,45098,134
1982-06-06T23:29:15.669Z,1975-03-28T04:20:52.937Z,03ef2g,-35,2,44243,-76,-163,,cef1bd32ef74b5c963aa,false,"{""id"":""113b5aag"",""age"":62,""favoriteIceCreamFlavor"":""chocolate""}",-51.75925927803185,-19,,"{""id"":""dbefg536"",""age"":33,""favoriteIceCreamFlavor"":""strawberry""}",female,6d,-47.45246813120362,03be82c,45116,41,25423,70594,199
2004-08-29T16:29:23.519Z,2020-04-20T00:43:56.209Z,2eee10071da17b3663,5,5,95643,-76,-74,,cef1bd32ef74b5c963aa,true,"{""id"":""cc9ega27"",""age"":87,""favoriteIceCreamFlavor"":""chocolate""}",-158.87834829693205,-414,,"{""id"":""651ef72e"",""age"":22,""favoriteIceCreamFlavor"":""strawberry""}",female,ffefgcf0ed7f,-86.88945836414263,64d8cecadb2ebafbg,22028,25,66141,130880,251
1970-03-11T02:43:37.321Z,1976-04-04T01:53:06.439Z,03ef2g,-182,1,74251,-76,-131,,883f21c62197g19g,false,"{""id"":""306gb0db"",""age"":74,""favoriteIceCreamFlavor"":""vanilla""}",-108.5563195036132,-108,,"{""id"":""53cg730d"",""age"":67,""favoriteIceCreamFlavor"":""strawberry""}",female,ffefgcf0ed7f,-47.91562691138131,32da9a2b9a629,55594,37,111230,58166,179
,2018-02-12T13:50:17.330Z,g155af180871ee246,65,3,80073,-77,-135,,cef1bd32ef74b5c963aa,-73.4446061373023,"{""id"":""2a656546"",""age"":56,""favoriteIceCreamFlavor"":""vanilla""}",123.71581099041869,-126,,"{""id"":""846e787e"",""age"":8,""favoriteIceCreamFlavor"":""strawberry""}",male,ffefgcf0ed7f,-70.96806909771206,bcec,57737,42,38294,73338,26
1982-06-06T23:29:15.669Z,1983-07-02T20:53:22.969Z,03ef2g,-145,1,85233,-76,-144,,6,true,"{""id"":""b36bgb60"",""age"":61,""favoriteIceCreamFlavor"":""chocolate""}",-51.75925927803185,-65,,"{""id"":""17543ed3"",""age"":46,""favoriteIceCreamFlavor"":""strawberry""}",female,ffefgcf0ed7f,-73.23577134753607,4bae2dbg7f97d1afdg5,40292,30,79035,92239,22
1982-06-06T23:29:15.669Z,2003-01-06T13:55:58.836Z,edce4,-179,5,14091,-76,-62,,ff6g,true,"{""id"":""ed8gg58e"",""age"":35,""favoriteIceCreamFlavor"":""strawberry""}",-13.472313371291857,-202,,"{""id"":""8176d0ba"",""age"":35,""favoriteIceCreamFlavor"":""vanilla""}",female,2ffa741a1143998g2a,-61.279598677305366,5a42be628f,23457,41,40716,54260,-26
1992-03-02T02:26:53.996Z,2005-11-23T09:36:06.962Z,17cg018b0a69f12,70,4,81464,-76,-89,,87f4dbd52gf13g399,true,"{""id"":""5609a73d"",""age"":72,""favoriteIceCreamFlavor"":""vanilla""}",-62.77337432583313,16,,"{""id"":""b398f39d"",""age"":22,""favoriteIceCreamFlavor"":""chocolate""}",male,6d,-67.87021380190974,6440749ea022a87b9347,32528,42,62130,48126,
2004-08-29T16:29:23.519Z,1972-12-09T17:11:08.403Z,17cg018b0a69f12,82,3,91517,-76,-148,,87f4dbd52gf13g399,false,"{""id"":""8b7c390d"",""age"":28,""favoriteIceCreamFlavor"":""strawberry""}",123.71581099041869,37,,"{""id"":""c53ffc8d"",""age"":67,""favoriteIceCreamFlavor"":""chocolate""}",male,756eg34a27g055,-80.61375867868556,egda240dc2ege11a,18881,22,49461,72483,87
1970-03-11T02:43:37.321Z,2018-09-09T13:52:47.632Z,c7d8a7db4gf48149f6c,-39,4,50510,-76,-106,,883f21c62197g19g,true,"{""id"":""23g0cddd"",""age"":96,""favoriteIceCreamFlavor"":""chocolate""}",123.71581099041869,-89,,"{""id"":""4ae09034"",""age"":82,""favoriteIceCreamFlavor"":""chocolate""}",other,2ffa741a1143998g2a,-65.18383837101287,g1cd96aee3e552e2128,22487,33,128712,69650,242
1982-06-06T23:29:15.669Z,1998-02-17T18:52:27.285Z,2eee10071da17b3663,21,1,43924,-76,-40,,cef1bd32ef74b5c963aa,false,"{""id"":""32a833f9"",""age"":82,""favoriteIceCreamFlavor"":""strawberry""}",-158.87834829693205,-236,,"{""id"":""556e209c"",""age"":11,""favoriteIceCreamFlavor"":""chocolate""}",male,ffefgcf0ed7f,-62.060300775179265,35445,17511,40,48822,62798,162
1992-03-02T02:26:53.996Z,1992-03-09T07:39:55.059Z,8965g2ge82ad,-98,0,27139,-76,-167,,883f21c62197g19g,false,"{""id"":""d211536g"",""age"":29,""favoriteIceCreamFlavor"":""strawberry""}",123.71581099041869,-97,,"{""id"":""a7e5467f"",""age"":75,""favoriteIceCreamFlavor"":""strawberry""}",other,ffefgcf0ed7f,-54.54251657898936,ff3,16988,36,22137,60166,18
1982-06-06T23:29:15.669Z,1996-04-21T22:47:15.780Z,g155af180871ee246,-85,4,63125,-76,-38,,d45b23845691720bb,true,"{""id"":""314bf18c"",""age"":24,""favoriteIceCreamFlavor"":""vanilla""}",123.71581099041869,-187,,"{""id"":""42eb3cbg"",""age"":34,""favoriteIceCreamFlavor"":""chocolate""}",female,2ffa741a1143998g2a,-39.02357760458385,ada1a,74718,42,43240,19189,86
1992-03-02T02:26:53.996Z,1976-06-01T16:04:16.200Z,g155af180871ee246,-50,3,39167,-76,-146,,ff6g,true,"{""id"":""22013g15"",""age"":75,""favoriteIceCreamFlavor"":""strawberry""}",-158.87834829693205,-368,,"{""id"":""e9f2bgde"",""age"":10,""favoriteIceCreamFlavor"":""vanilla""}",female,756eg34a27g055,-48.29690728069484,5f58b6caa14b7g4f11,97833,21,42855,36110,229
1970-03-11T02:43:37.321Z,1975-06-06T02:55:26.598Z,2eee10071da17b3663,1,1,41382,-77,-217,,ggf53e76d6a1,false,"{""id"":""f4218a6b"",""age"":22,""favoriteIceCreamFlavor"":""vanilla""}",79.09138665023542,120,,"{""id"":""3d3ac2e5"",""age"":60,""favoriteIceCreamFlavor"":""chocolate""}",male,ffefgcf0ed7f,-62.64718815860255,f76b1fe6ffdd,26505,31,43903,50073,313
1982-06-06T23:29:15.669Z,1997-12-13T13:47:31.980Z,g155af180871ee246,-41,2,50179,,-93,,6,false,"{""id"":""1c4dc601"",""age"":9,""favoriteIceCreamFlavor"":""strawberry""}",-108.5563195036132,-127,,"{""id"":""392fg23e"",""age"":43,""favoriteIceCreamFlavor"":""vanilla""}",prefer not to say,ffefgcf0ed7f,-67.46611204956494,f67069f37dg20,38704,38,22209,66476,103
2004-08-29T16:29:23.519Z,2004-11-19T18:50:13.587Z,2eee10071da17b3663,84,3,30657,-76,-33,,87f4dbd52gf13g399,false,"{""id"":""5g7cfcbc"",""age"":14,""favoriteIceCreamFlavor"":""chocolate""}",83.25862821825866,129,,"{""id"":""17b4d559"",""age"":83,""favoriteIceCreamFlavor"":""vanilla""}",male,2ffa741a1143998g2a,-54.783366769497945,572f76d21e63,39020,51,60977,102349,80
2004-08-29T16:29:23.519Z,2010-11-17T13:16:01.577Z,03ef2g,-80,4,94172,-76,-139,,ggf53e76d6a1,true,"{""id"":""afd40653"",""age"":64,""favoriteIceCreamFlavor"":""chocolate""}",123.71581099041869,44,,"{""id"":""f2928g48"",""age"":62,""favoriteIceCreamFlavor"":""strawberry""}",female,ffefgcf0ed7f,-52.32420978368009,cd430adea22352ab0,57445,41,52019,99592,131
1992-03-02T02:26:53.996Z,1976-12-02T22:07:00.226Z,g155af180871ee246,96,5,88312,-76,-62,,d45b23845691720bb,false,"{""id"":""f871f434"",""age"":68,""favoriteIceCreamFlavor"":""vanilla""}",-108.5563195036132,-137,,"{""id"":""f7ba1009"",""age"":31,""favoriteIceCreamFlavor"":""chocolate""}",male,756eg34a27g055,-43.69136977453283,788efd00e8,81798,50,60167,55329,9
1992-03-02T02:26:53.996Z,2019-12-05T04:53:37.130Z,g155af180871ee246,-33,1,24523,-75,-117,,d45b23845691720bb,false,"{""id"":""gf944360"",""age"":17,""favoriteIceCreamFlavor"":""strawberry""}",-51.75925927803185,62,,"{""id"":""a99f3485"",""age"":99,""favoriteIceCreamFlavor"":""vanilla""}",other,2ffa741a1143998g2a,-39.1651575712633,5de6,10549,64,96400,55333,91
2004-08-29T16:29:23.519Z,2014-07-08T11:57:16.357Z,03ef2g,86,2,65630,-76,-125,,-76,true,"{""id"":""7cf34fca"",""age"":31,""favoriteIceCreamFlavor"":""strawberry""}",-13.472313371291857,-309,,"{""id"":""75dd9906"",""age"":53,""favoriteIceCreamFlavor"":""chocolate""}",female,756eg34a27g055,-54.18298942643054,24f4ffge6278b7b6f71,91441,34,62068,31338,266
2004-08-29T16:29:23.519Z,-59.37794356435878,03ef2g,41,3,95125,-76,-88,,g2eb72d,true,"{""id"":""ef84b787"",""age"":6,""favoriteIceCreamFlavor"":""vanilla""}",-62.77337432583313,-197,,"{""id"":""dg7a8a35"",""age"":1,""favoriteIceCreamFlavor"":""vanilla""}",prefer not to say,756eg34a27g055,-50.99543883394251,2,60298,31,40688,49289,317
1970-03-11T02:43:37.321Z,2014-03-04T06:03:45.578Z,c7d8a7db4gf48149f6c,-91,4,71240,-77,-7,,ggf53e76d6a1,46,"{""id"":""g8966b08"",""age"":40,""favoriteIceCreamFlavor"":""chocolate""}",-108.5563195036132,2,,,prefer not to say,756eg34a27g055,-64.38299463542242,2b76,17565,28,50552,95250,26
2004-08-29T16:29:23.519Z,2024-11-10T06:27:35.372Z,17cg018b0a69f12,-20,0,42322,-77,-155,,d45b23845691720bb,false,,-158.87834829693205,-67,,"{""id"":""25088e6c"",""age"":6,""favoriteIceCreamFlavor"":""vanilla""}",female,2ffa741a1143998g2a,-51.24746193958784,58113fcb,52740,39,70368,70080,122
2004-08-29T16:29:23.519Z,1977-06-21T19:30:08.629Z,edce4,54,2,10061,-75,-137,,cef1bd32ef74b5c963aa,true,"{""id"":""2c4e1106"",""age"":18,""favoriteIceCreamFlavor"":""strawberry""}",-108.5563195036132,-303,,"{""id"":""0b2e8cff"",""age"":71,""favoriteIceCreamFlavor"":""strawberry""}",male,756eg34a27g055,-52.33839771992999,4dc7b86b3cf07beced76,30196,33,44018,64437,-34
1982-06-06T23:29:15.669Z,2010-10-18T08:59:43.041Z,c7d8a7db4gf48149f6c,-101,2,63594,-76,-55,,6,true,"{""id"":""465e2bd9"",""age"":92,""favoriteIceCreamFlavor"":""strawberry""}",-13.472313371291857,226,,"{""id"":""0eb1da7e"",""age"":57,""favoriteIceCreamFlavor"":""vanilla""}",female,2ffa741a1143998g2a,-65.74249837566933,8001d,39091,58,40171,91793,33
1992-03-02T02:26:53.996Z,1987-09-09T20:08:21.070Z,03ef2g,18,5,77991,-76,-189,,ggf53e76d6a1,false,"{""id"":""8d18fag8"",""age"":47,""favoriteIceCreamFlavor"":""strawberry""}",-51.75925927803185,-56,,"{""id"":""6cdca9ge"",""age"":57,""favoriteIceCreamFlavor"":""strawberry""}",male,756eg34a27g055,-72.9259135209692,4eaad4bc,75121,41,39120,43987,113
2004-08-29T16:29:23.519Z,1978-02-15T22:50:17.829Z,g155af180871ee246,44,2,37802,-76,-30,,ff6g,true,"{""id"":""3b712a34"",""age"":76,""favoriteIceCreamFlavor"":""chocolate""}",79.09138665023542,-305,,"{""id"":""0974c6d2"",""age"":8,""favoriteIceCreamFlavor"":""strawberry""}",other,756eg34a27g055,-70.85996254566818,74b65430,44910,33,20330,36340,70
2004-08-29T16:29:23.519Z,1974-12-04T11:35:23.890Z,g155af180871ee246,-67,5,17166,-76,-123,,g2eb72d,true,"{""id"":""47g2de3c"",""age"":11,""favoriteIceCreamFlavor"":""strawberry""}",83.25862821825866,-5,,"{""id"":""8b3f2039"",""age"":81,""favoriteIceCreamFlavor"":""chocolate""}",female,ffefgcf0ed7f,-57.27230986234512,g00ba634e,30953,39,56492,74577,185
1982-06-06T23:29:15.669Z,1974-11-24T13:24:13.220Z,female,87,1,80101,-77,-123,,d45b23845691720bb,false,"{""id"":""27g646ae"",""age"":55,""favoriteIceCreamFlavor"":""chocolate""}",-13.472313371291857,-136,,"{""id"":""6463572b"",""age"":38,""favoriteIceCreamFlavor"":""chocolate""}",prefer not to say,756eg34a27g055,-58.7463155105686,57,68029,27,43829,83389,266
1970-03-11T02:43:37.321Z,2010-07-29T11:47:54.374Z,8965g2ge82ad,-4,5,60868,-76,-117,,87f4dbd52gf13g399,true,"{""id"":""0a0626ac"",""age"":5,""favoriteIceCreamFlavor"":""vanilla""}",-89.01402913429055,-134,,"{""id"":""412536g0"",""age"":9,""favoriteIceCreamFlavor"":""strawberry""}",female,6d,-52.85171826043773,16a4996bb350,35908,43,46926,44963,272
1992-03-02T02:26:53.996Z,1987-04-30T15:32:13.482Z,03ef2g,147,1,64325,-76,-55,,g2eb72d,true,"{""id"":""3c37ga84"",""age"":98,""favoriteIceCreamFlavor"":""chocolate""}",83.25862821825866,10,,"{""id"":""9d0e344d"",""age"":86,""favoriteIceCreamFlavor"":""strawberry""}",male,2ffa741a1143998g2a,-41.59156114693011,b59e,62435,34,25709,40703,59
2004-08-29T16:29:23.519Z,2012-06-24T11:56:14.348Z,c7d8a7db4gf48149f6c,172,3,23830,-76,-90,,6,true,"{""id"":""88845441"",""age"":42,""favoriteIceCreamFlavor"":""vanilla""}",-51.75925927803185,-282,,"{""id"":""5bgb20ed"",""age"":21,""favoriteIceCreamFlavor"":""strawberry""}",female,756eg34a27g055,-59.275762303727916,619c240fed9d,95638,45,29710,48711,76
2004-08-29T16:29:23.519Z,1979-09-21T19:13:41.407Z,8965g2ge82ad,-34,3,41371,-75,-117,,ff6g,-76,"{""id"":""c95g9fgb"",""age"":14,""favoriteIceCreamFlavor"":""chocolate""}",123.71581099041869,-299,,"{""id"":""8ddd1f48"",""age"":8,""favoriteIceCreamFlavor"":""chocolate""}",female,ffefgcf0ed7f,-57.11092338542179,62107893740385a,19318,38,53071,32812,10
1992-03-02T02:26:53.996Z,1981-03-30T13:59:23.524Z,8965g2ge82ad,30,1,61684,-77,-24,,cg6077dg1b7d69be39e3,false,"{""id"":""91f79865"",""age"":92,""favoriteIceCreamFlavor"":""vanilla""}",123.71581099041869,-188,,"{""id"":""953c610b"",""age"":5,""favoriteIceCreamFlavor"":""strawberry""}",female,ffefgcf0ed7f,-89.22035247991107,c9666egeg34g82gf,27205,43,82674,39410,59
1982-06-06T23:29:15.669Z,2010-02-26T11:42:46.980Z,8965g2ge82ad,112,0,34236,-76,-113,,cg6077dg1b7d69be39e3,true,"{""id"":""c3527f39"",""age"":26,""favoriteIceCreamFlavor"":""vanilla""}",-62.77337432583313,-153,,"{""id"":""g74366f7"",""age"":26,""favoriteIceCreamFlavor"":""vanilla""}",female,6d,-59.37769131039892,3eg9,83764,38,52272,59017,-104
1992-03-02T02:26:53.996Z,1973-06-01T00:51:46.557Z,8965g2ge82ad,29,3,49647,-76,-143,,g2eb72d,false,"{""id"":""da0c49f0"",""age"":75,""favoriteIceCreamFlavor"":""strawberry""}",-13.472313371291857,-178,,"{""id"":""d4a05040"",""age"":16,""favoriteIceCreamFlavor"":""vanilla""}",prefer not to say,6d,-58.322553152123895,e20bb6dag,40048,46,50510,49147,165
-1,1999-01-27T00:31:34.343Z,c7d8a7db4gf48149f6c,-24,0,44900,-77,-88,,883f21c62197g19g,true,"{""id"":""9bb6a038"",""age"":44,""favoriteIceCreamFlavor"":""vanilla""}",123.71581099041869,149,,"{""id"":""7cef1330"",""age"":85,""favoriteIceCreamFlavor"":""vanilla""}",prefer not to say,6d,-76.07660469103996,cg23c27a,15918,21,63201,47722,145
1970-03-11T02:43:37.321Z,2018-07-18T06:15:51.967Z,2eee10071da17b3663,-135,2,74223,-76,-87,,d45b23845691720bb,false,"{""id"":""g381ec6c"",""age"":50,""favoriteIceCreamFlavor"":""chocolate""}",-62.77337432583313,-108,,"{""id"":""de8c721d"",""age"":87,""favoriteIceCreamFlavor"":""vanilla""}",other,6d,-72.66375486663864,675gb70187,20982,40,57540,28499,-110
1992-03-02T02:26:53.996Z,1986-11-23T04:30:15.534Z,03ef2g,-12,4,49586,-76,-169,,883f21c62197g19g,false,"{""id"":""062g7bd0"",""age"":59,""favoriteIceCreamFlavor"":""strawberry""}",-108.5563195036132,-60,,"{""id"":""9ecc27ca"",""age"":66,""favoriteIceCreamFlavor"":""strawberry""}",male,6d,-74.03083741496124,adac559,43559,34,48607,39640,82
2004-08-29T16:29:23.519Z,2013-03-14T13:35:43.165Z,g155af180871ee246,-40,4,40564,-77,-140,,false,false,"{""id"":""be93680b"",""age"":89,""favoriteIceCreamFlavor"":""vanilla""}",-108.5563195036132,-104,,"{""id"":""925baa3f"",""age"":4,""favoriteIceCreamFlavor"":""strawberry""}",prefer not to say,2ffa741a1143998g2a,-87.54137447040847,8daad,33615,34,65875,45984,226
1992-03-02T02:26:53.996Z,2024-02-25T10:15:06.380Z,g155af180871ee246,-13,1,71848,-76,-129,,883f21c62197g19g,false,"{""id"":""595g1f02"",""age"":19,""favoriteIceCreamFlavor"":""vanilla""}",83.25862821825866,83,,"{""id"":""8f81ebc5"",""age"":12,""favoriteIceCreamFlavor"":""chocolate""}",male,2ffa741a1143998g2a,-62.914645313424636,3cb556,94594,40,105619,34869,181
1992-03-02T02:26:53.996Z,2004-02-06T07:47:26.795Z,17cg018b0a69f12,-19,1,42225,-76,-37,,ff6g,false,"{""id"":""e35168fg"",""age"":65,""favoriteIceCreamFlavor"":""strawberry""}",-108.5563195036132,-254,,"{""id"":""6f692a51"",""age"":55,""favoriteIceCreamFlavor"":""strawberry""}",female,756eg34a27g055,-66.22253599308567,8bd535283257c3a1f,66760,44,62494,76856,79
2004-08-29T16:29:23.519Z,1973-08-08T08:09:38.973Z,edce4,7,0,55645,-77,-128,,cg6077dg1b7d69be39e3,false,"{""id"":""51fb05g0"",""age"":15,""favoriteIceCreamFlavor"":""vanilla""}",123.71581099041869,-85,,"{""id"":""e1970d5f"",""age"":60,""favoriteIceCreamFlavor"":""vanilla""}",other,ffefgcf0ed7f,-76.44281316527785,af0ddb6a7d269eaaee6d,42734,34,45114,101112,66
1970-03-11T02:43:37.321Z,2017-01-14T12:27:07.520Z,c7d8a7db4gf48149f6c,102,2,47636,-77,-109,,ff6g,true,"{""id"":""296af9b9"",""age"":34,""favoriteIceCreamFlavor"":""chocolate""}",83.25862821825866,-68,,"{""id"":""1b8d3258"",""age"":81,""favoriteIceCreamFlavor"":""chocolate""}",other,2ffa741a1143998g2a,-59.11075101504858,7b0b70235g82496ce9,98759,41,68368,158840,-43
1982-06-06T23:29:15.669Z,1978-10-16T21:15:40.306Z,g155af180871ee246,-25,2,64677,-76,-69,,6,true,"{""id"":""b8g11c59"",""age"":60,""favoriteIceCreamFlavor"":""vanilla""}",79.09138665023542,-343,,"{""id"":""62ba5f82"",""age"":96,""favoriteIceCreamFlavor"":""chocolate""}",prefer not to say,6d,-47.399166387391574,bfac642,84098,47,92895,33876,95
1992-03-02T02:26:53.996Z,1984-03-30T02:40:34.261Z,edce4,-11,0,51406,-75,-53,,883f21c62197g19g,true,"{""id"":""c6064651"",""age"":17,""favoriteIceCreamFlavor"":""vanilla""}",-62.77337432583313,-159,,"{""id"":""cg7bc2g6"",""age"":29,""favoriteIceCreamFlavor"":""chocolate""}",female,6d,-45.67237759187185,4712,47163,46,45512,96979,411
1992-03-02T02:26:53.996Z,1984-08-27T05:12:50.690Z,c7d8a7db4gf48149f6c,-190,4,81152,-77,-58,,cef1bd32ef74b5c963aa,false,"{""id"":""gd052c60"",""age"":32,""favoriteIceCreamFlavor"":""vanilla""}",79.09138665023542,-120,,"{""id"":""0ggbc034"",""age"":61,""favoriteIceCreamFlavor"":""strawberry""}",female,2ffa741a1143998g2a,-59.848171680083986,5066b0b,35364,34,58206,56678,221
2004-08-29T16:29:23.519Z,1986-02-10T08:16:03.065Z,03ef2g,-69,5,11395,-76,-136,,g2eb72d,false,"{""id"":""c91g995g"",""age"":55,""favoriteIceCreamFlavor"":""strawberry""}",-62.77337432583313,22,,"{""id"":""62cg54g4"",""age"":51,""favoriteIceCreamFlavor"":""chocolate""}",male,756eg34a27g055,-36.86834759888274,9,15186,29,39673,49636,66
2004-08-29T16:29:23.519Z,1996-07-12T15:32:22.372Z,edce4,-143,1,,-76,-93,,ggf53e76d6a1,false,"{""id"":""c9c06914"",""age"":99,""favoriteIceCreamFlavor"":""vanilla""}",-13.472313371291857,46,,"{""id"":""7b03a595"",""age"":25,""favoriteIceCreamFlavor"":""strawberry""}",other,756eg34a27g055,-81.6076253766154,adcfb1f9f6,50368,67,29805,56890,-161
2004-08-29T16:29:23.519Z,2009-08-18T15:02:28.462Z,8965g2ge82ad,21,2,26065,-75,-109,,d45b23845691720bb,true,"{""id"":""26411ad7"",""age"":82,""favoriteIceCreamFlavor"":""chocolate""}",83.25862821825866,-158,,"{""id"":""19850d3f"",""age"":89,""favoriteIceCreamFlavor"":""strawberry""}",prefer not to say,756eg34a27g055,-70.25567172957936,6e8acag,17065,49,25909,77774,126
2004-08-29T16:29:23.519Z,2010-11-29T21:20:01.969Z,2eee10071da17b3663,80,0,83454,-76,-155,,87f4dbd52gf13g399,true,"{""id"":""07dgeccc"",""age"":18,""favoriteIceCreamFlavor"":""strawberry""}",83.25862821825866,179,,"{""id"":""6555b3a5"",""age"":28,""favoriteIceCreamFlavor"":""vanilla""}",other,6d,-67.81723917132058,Infinity,26584,46,29123,44338,185
1970-03-11T02:43:37.321Z,2001-09-14T21:41:01.946Z,03ef2g,-25,1,58372,-76,-62,,87f4dbd52gf13g399,false,"{""id"":""304e9d18"",""age"":68,""favoriteIceCreamFlavor"":""strawberry""}",79.09138665023542,59,,"{""id"":""36gab84a"",""age"":33,""favoriteIceCreamFlavor"":""chocolate""}",male,6d,-77.6546261881306,Infinity,59143,28,31015,44838,169
2004-08-29T16:29:23.519Z,2016-04-10T23:44:00.950Z,17cg018b0a69f12,-26,0,81108,-76,-202,,g2eb72d,false,"{""id"":""80e7fc9d"",""age"":16,""favoriteIceCreamFlavor"":""vanilla""}",83.25862821825866,9,,"{""id"":""4efg625c"",""age"":7,""favoriteIceCreamFlavor"":""strawberry""}",female,ffefgcf0ed7f,-79.72907615649628,af,62739,18,54750,36343,148
1970-03-11T02:43:37.321Z,2020-05-29T01:53:19.553Z,edce4,83,4,21312,-76,-113,,ff6g,883f21c62197g19g,"{""id"":""e9dgb8g0"",""age"":99,""favoriteIceCreamFlavor"":""vanilla""}",-13.472313371291857,,,"{""id"":""db8b6da1"",""age"":51,""favoriteIceCreamFlavor"":""chocolate""}",male,ffefgcf0ed7f,-70.55885616168932,51f8c8ecf31ed73a,86787,43,84743,97161,28
2004-08-29T16:29:23.519Z,2014-07-13T23:40:39.776Z,2eee10071da17b3663,-57,1,62323,-76,-68,,cef1bd32ef74b5c963aa,true,"{""id"":""3275585a"",""age"":83,""favoriteIceCreamFlavor"":""strawberry""}",79.09138665023542,-91,,"{""id"":""01eb6gc1"",""age"":21,""favoriteIceCreamFlavor"":""strawberry""}",female,ffefgcf0ed7f,-42.59056415738409,0e0ed16a3e1ab7bf,11304,37,41149,29648,34
1970-03-11T02:43:37.321Z,1978-02-20T20:28:49.243Z,g155af180871ee246,-38,2,23511,-76,-76,,cg6077dg1b7d69be39e3,false,"{""id"":""f58dad7d"",""age"":52,""favoriteIceCreamFlavor"":""vanilla""}",79.09138665023542,-2,,"{""id"":""17b75e48"",""age"":39,""favoriteIceCreamFlavor"":""chocolate""}",female,ffefgcf0ed7f,-83.71669767294938,5fg6f42g9a68071,30195,27,56683,36985,-72
2004-08-29T16:29:23.519Z,1975-05-23T17:24:01.623Z,03ef2g,32,4,95909,-76,-79,,cg6077dg1b7d69be39e3,true,"{""id"":""05g23cf9"",""age"":39,""favoriteIceCreamFlavor"":""strawberry""}",123.71581099041869,-112,,"{""id"":""042c483b"",""age"":39,""favoriteIceCreamFlavor"":""strawberry""}",prefer not to say,2ffa741a1143998g2a,-60.76452375977215,6c6d69f415e906f7896a,88264,51,61012,51258,204
2004-08-29T16:29:23.519Z,2002-01-30T08:41:10.410Z,17cg018b0a69f12,-31,4,98065,-76,-96,,883f21c62197g19g,true,"{""id"":""g6f5ce5b"",""age"":25,""favoriteIceCreamFlavor"":""strawberry""}",79.09138665023542,-61,,"{""id"":""6cbba6e6"",""age"":35,""favoriteIceCreamFlavor"":""vanilla""}",male,756eg34a27g055,true,ag3g43c,24845,46,31188,41562,145
2004-08-29T16:29:23.519Z,2019-12-30T08:57:46.937Z,edce4,135,2,67703,-75,-74,,d45b23845691720bb,true,"{""id"":""07541g17"",""age"":18,""favoriteIceCreamFlavor"":""strawberry""}",79.09138665023542,-182,,"{""id"":""674f7c7a"",""age"":79,""favoriteIceCreamFlavor"":""strawberry""}",male,ffefgcf0ed7f,-68.76735890513233,73b33bd462b96c5gg8g,60882,53,27736,42461,228
1970-03-11T02:43:37.321Z,1970-11-22T22:54:48.549Z,g155af180871ee246,-30,0,92363,-77,-130,,g2eb72d,true,"{""id"":""0g6ae53e"",""age"":42,""favoriteIceCreamFlavor"":""strawberry""}",-51.75925927803185,73,,"{""id"":""f96fef1d"",""age"":42,""favoriteIceCreamFlavor"":""vanilla""}",prefer not to say,756eg34a27g055,-72.77823628229714,g71b84113f358,63686,34,63323,25725,143
2004-08-29T16:29:23.519Z,1994-12-22T07:35:18.813Z,2eee10071da17b3663,68,2,37084,-76,-65,,6,false,"{""id"":""g2ee94d1"",""age"":57,""favoriteIceCreamFlavor"":""strawberry""}",-108.5563195036132,-118,,"{""id"":""e611a209"",""age"":37,""favoriteIceCreamFlavor"":""chocolate""}",female,6d,-52.73271642524931,69,96075,42,54800,31305,-27
1982-06-06T23:29:15.669Z,2003-09-08T20:41:11.304Z,g155af180871ee246,84,4,94769,-76,-106,,756eg34a27g055,false,"{""id"":""d7da3ac2"",""age"":78,""favoriteIceCreamFlavor"":""chocolate""}",-108.5563195036132,-123,,"{""id"":""47f4d2d6"",""age"":87,""favoriteIceCreamFlavor"":""vanilla""}",prefer not to say,2ffa741a1143998g2a,-64.52871566445835,52b030ebaae0af27,82897,38,61536,46897,197
1982-06-06T23:29:15.669Z,2009-12-30T18:59:09.347Z,17cg018b0a69f12,-58,1,19465,-76,-8,,87f4dbd52gf13g399,true,"{""id"":""5c53e887"",""age"":93,""favoriteIceCreamFlavor"":""chocolate""}",123.71581099041869,15,,"{""id"":""0c0d5c29"",""age"":9,""favoriteIceCreamFlavor"":""vanilla""}",male,6d,-60.9954122567798,6d5g2e72f7,76290,49,88396,61862,-141
1992-03-02T02:26:53.996Z,1971-12-16T22:48:42.738Z,2eee10071da17b3663,147,3,93685,-76,-62,,cg6077dg1b7d69be39e3,true,"{""id"":""32a3g3e7"",""age"":57,""favoriteIceCreamFlavor"":""chocolate""}",-108.5563195036132,38,,"{""id"":""f3gaa891"",""age"":12,""favoriteIceCreamFlavor"":""vanilla""}",male,2ffa741a1143998g2a,-72.41790182151183,86fac869d,96449,50,169750,52631,74
1992-03-02T02:26:53.996Z,1979-10-03T22:40:39.440Z,g155af180871ee246,117,3,68699,-76,-94,,883f21c62197g19g,false,"{""id"":""1ge276eg"",""age"":57,""favoriteIceCreamFlavor"":""vanilla""}",-158.87834829693205,-137,,"{""id"":""51144a18"",""age"":89,""favoriteIceCreamFlavor"":""chocolate""}",other,ffefgcf0ed7f,-60.86065564564709,7d,70636,54,25766,65355,168
1970-03-11T02:43:37.321Z,1971-04-16T12:09:14.520Z,03ef2g,26,3,62717,-76,-76,,ggf53e76d6a1,false,"{""id"":""872fe35b"",""age"":66,""favoriteIceCreamFlavor"":""vanilla""}",-51.75925927803185,53,,"{""id"":""c43aagfd"",""age"":36,""favoriteIceCreamFlavor"":""strawberry""}",male,6d,-77.13333844607261,669662ggc,97158,35,47758,61717,131
1992-03-02T02:26:53.996Z,2004-10-16T20:38:39.685Z,8965g2ge82ad,-200,2,23028,-76,-83,,d45b23845691720bb,false,"{""id"":""a5932cag"",""age"":12,""favoriteIceCreamFlavor"":""vanilla""}",79.09138665023542,,,"{""id"":""b9bedc86"",""age"":11,""favoriteIceCreamFlavor"":""strawberry""}",female,ffefgcf0ed7f,-45.88503073574509,826eg841fe56,59945,42,51879,88314,77
1970-03-11T02:43:37.321Z,2016-09-26T17:29:45.550Z,8965g2ge82ad,-32,4,75770,-76,-69,,ff6g,true,"{""id"":""06bb1537"",""age"":84,""favoriteIceCreamFlavor"":""vanilla""}",123.71581099041869,50,,"{""id"":""32841098"",""age"":33,""favoriteIceCreamFlavor"":""strawberry""}",male,ffefgcf0ed7f,-43.230960981695986,584,87958,44,55462,42006,238
1982-06-06T23:29:15.669Z,2013-07-13T15:09:19.128Z,c7d8a7db4gf48149f6c,-47,1,,-76,-94,,ff6g,false,"{""id"":""ae0d8465"",""age"":11,""favoriteIceCreamFlavor"":""vanilla""}",79.09138665023542,-52,,"{""id"":""97ga649a"",""age"":58,""favoriteIceCreamFlavor"":""chocolate""}",male,ffefgcf0ed7f,-50.89515930264397,g95129fb10746d9,14966,28,67763,39863,327
1992-03-02T02:26:53.996Z,1974-01-29T21:28:45.942Z,8965g2ge82ad,25,3,37500,-76,-129,,6,,"{""id"":""e872064e"",""age"":37,""favoriteIceCreamFlavor"":""chocolate""}",-51.75925927803185,-245,,"{""id"":""939506b2"",""age"":18,""favoriteIceCreamFlavor"":""chocolate""}",male,756eg34a27g055,-74.55648912763188,g1ggfb826,19194,41,61367,64372,81
1982-06-06T23:29:15.669Z,2016-09-21T20:53:05.841Z,17cg018b0a69f12,128,3,36481,-76,-169,,g2eb72d,false,"{""id"":""a90098c5"",""age"":19,""favoriteIceCreamFlavor"":""strawberry""}",79.09138665023542,-73,,"{""id"":""g7g62df9"",""age"":89,""favoriteIceCreamFlavor"":""strawberry""}",male,ffefgcf0ed7f,-71.71337592204782,3g5049a90bd1,66912,22,56888,39986,342
1992-03-02T02:26:53.996Z,2020-08-30T07:48:38.637Z,edce4,-106,5,39029,-76,-49,,d45b23845691720bb,true,"{""id"":""114497ca"",""age"":73,""favoriteIceCreamFlavor"":""strawberry""}",83.25862821825866,-51,,55877,male,756eg34a27g055,-46.09041618228092,f6,78047,47,39796,42917,59
1970-03-11T02:43:37.321Z,1987-07-11T23:16:09.265Z,c7d8a7db4gf48149f6c,41,2,93735,-75,-112,,g2eb72d,true,"{""id"":""e45a026f"",""age"":32,""favoriteIceCreamFlavor"":""chocolate""}",79.09138665023542,-128,,"{""id"":""g8a783f6"",""age"":69,""favoriteIceCreamFlavor"":""vanilla""}",other,ffefgcf0ed7f,-63.32573530495939,93201f8c97a,82070,43,49011,63591,-19
2004-08-29T16:29:23.519Z,1976-08-24T17:32:53.481Z,03ef2g,-58,0,83954,-76,-73,,87f4dbd52gf13g399,true,"{""id"":""31ccf987"",""age"":20,""favoriteIceCreamFlavor"":""vanilla""}",83.25862821825866,107,,"{""id"":""34d8df9c"",""age"":41,""favoriteIceCreamFlavor"":""vanilla""}",prefer not to say,6d,-51.94508811223407,96bage90ea0fg72,33926,55,43111,78262,-30
1970-03-11T02:43:37.321Z,2005-10-20T13:05:46.842Z,edce4,54,3,22463,-76,-69,,87f4dbd52gf13g399,false,"{""id"":""24aa297g"",""age"":3,""favoriteIceCreamFlavor"":""vanilla""}",-51.75925927803185,23,,"{""id"":""bca97b67"",""age"":33,""favoriteIceCreamFlavor"":""chocolate""}",male,756eg34a27g055,-59.85219108289108,38d8599ge1df47,60446,20,58783,64677,190
1982-06-06T23:29:15.669Z,1999-05-18T06:36:53.698Z,edce4,-88,4,76694,-76,-108,,ff6g,false,"{""id"":""2e610gf4"",""age"":22,""favoriteIceCreamFlavor"":""chocolate""}",-108.5563195036132,-141,,"{""id"":""8608d841"",""age"":31,""favoriteIceCreamFlavor"":""vanilla""}",8965g2ge82ad,2ffa741a1143998g2a,-81.86777772376296,df0dac,78273,41,27531,37642,221
1970-03-11T02:43:37.321Z,1972-01-14T19:19:47.050Z,2eee10071da17b3663,-26,5,25586,-76,-186,,87f4dbd52gf13g399,true,"{""id"":""0af2e7c5"",""age"":23,""favoriteIceCreamFlavor"":""vanilla""}",-108.5563195036132,-85,,"{""id"":""36gc24ea"",""age"":78,""favoriteIceCreamFlavor"":""chocolate""}",male,ffefgcf0ed7f,-68.98876424579748,8af7g8,59692,37,34596,32518,234
2004-08-29T16:29:23.519Z,2003-08-05T06:12:57.709Z,8965g2ge82ad,40,1,17120,-76,-136,,cef1bd32ef74b5c963aa,true,"{""id"":""fec874gc"",""age"":100,""favoriteIceCreamFlavor"":""chocolate""}",-89.01402913429055,1979-06-21T00:35:52.940Z,,"{""id"":""8dda0fgb"",""age"":93,""favoriteIceCreamFlavor"":""vanilla""}",female,ffefgcf0ed7f,-86.94089433654896,b1ca64303e03827,59427,43,48776,43422,0
1970-03-11T02:43:37.321Z,1991-04-29T10:17:54.981Z,03ef2g,-76,2,78347,-75,-98,,ff6g,false,"{""id"":""e2b4f950"",""age"":52,""favoriteIceCreamFlavor"":""chocolate""}",,87,,"{""id"":""2ae2adab"",""age"":34,""favoriteIceCreamFlavor"":""vanilla""}",male,ffefgcf0ed7f,-65.43737823317502,491de27dg6a2ff,11150,38,44090,31257,39
1992-03-02T02:26:53.996Z,2022-09-04T08:22:38.405Z,c7d8a7db4gf48149f6c,100,3,26155,-76,-74,,ggf53e76d6a1,true,"{""id"":""d4fd6e97"",""age"":99,""favoriteIceCreamFlavor"":""vanilla""}",-62.77337432583313,-161,,"{""id"":""ef0fc3fe"",""age"":23,""favoriteIceCreamFlavor"":""vanilla""}",prefer not to say,6d,-59.960665400675616,df6a3d,41745,29,42903,52443,233
2004-08-29T16:29:23.519Z,1990-03-26T14:04:53.635Z,c7d8a7db4gf48149f6c,18,2,49367,-76,-1,,883f21c62197g19g,true,"{""id"":""e002feg7"",""age"":33,""favoriteIceCreamFlavor"":""chocolate""}",-13.472313371291857,-354,,"{""id"":""93c5d505"",""age"":92,""favoriteIceCreamFlavor"":""strawberry""}",female,2ffa741a1143998g2a,-46.48070570939788,d3115,39582,27,24407,68005,193
1970-03-11T02:43:37.321Z,1980-04-10T17:16:43.678Z,edce4,-31,3,98827,-75,-10,,6,true,"{""id"":""e5baa4ce"",""age"":32,""favoriteIceCreamFlavor"":""strawberry""}",-158.87834829693205,-10,,"{""id"":""f2ge46dg"",""age"":61,""favoriteIceCreamFlavor"":""vanilla""}",female,756eg34a27g055,-67.51510143994363,1e,61505,42,68474,31122,-127
1992-03-02T02:26:53.996Z,1992-03-21T21:19:50.722Z,2eee10071da17b3663,-93,3,16994,-75,-8,,6,false,"{""id"":""8e2b79d0"",""age"":92,""favoriteIceCreamFlavor"":""vanilla""}",-51.75925927803185,-50,,"{""id"":""135ed183"",""age"":56,""favoriteIceCreamFlavor"":""chocolate""}",male,ffefgcf0ed7f,-41.42069760350486,8,53385,40,65692,34697,135
1970-03-11T02:43:37.321Z,1993-09-18T14:56:24.904Z,8965g2ge82ad,-60,2,86481,-77,-66,,ff6g,false,"{""id"":""85dad0dd"",""age"":81,""favoriteIceCreamFlavor"":""vanilla""}",83.25862821825866,-24,,"{""id"":""gd008g03"",""age"":15,""favoriteIceCreamFlavor"":""strawberry""}",male,6d,-53.00077477419655,920g4968,75937,43,69842,47135,177
1970-03-11T02:43:37.321Z,2017-05-29T02:59:05.181Z,2eee10071da17b3663,16,1,47510,-76,-74,,cg6077dg1b7d69be39e3,true,"{""id"":""0dbaa611"",""age"":36,""favoriteIceCreamFlavor"":""strawberry""}",-89.01402913429055,-66,,"{""id"":""50a6e725"",""age"":70,""favoriteIceCreamFlavor"":""strawberry""}",female,756eg34a27g055,-81.13180835889708,9ee45,21610,51,53280,45386,398
1982-06-06T23:29:15.669Z,1977-03-06T07:46:37.747Z,8965g2ge82ad,-72,0,82833,-76,-71,,ff6g,false,"{""id"":""291db1ga"",""age"":28,""favoriteIceCreamFlavor"":""chocolate""}",-13.472313371291857,-227,,"{""id"":""8b18df1e"",""age"":64,""favoriteIceCreamFlavor"":""vanilla""}",female,2ffa741a1143998g2a,-63.222628895661465,84599gbc035ba0331c5,54221,48,43914,80455,149
1970-03-11T02:43:37.321Z,1980-02-10T16:51:21.147Z,03ef2g,34,4,61770,-76,-125,,6,true,"{""id"":""6b7g2b2c"",""age"":0,""favoriteIceCreamFlavor"":""chocolate""}",-62.77337432583313,19,,"{""id"":""g0f49259"",""age"":73,""favoriteIceCreamFlavor"":""strawberry""}",female,756eg34a27g055,-61.29939743452593,81d09805e,48921,37,26765,43580,85
1982-06-06T23:29:15.669Z,1970-07-21T16:34:43.160Z,c7d8a7db4gf48149f6c,-15,1,76747,-76,-75,,87f4dbd52gf13g399,true,"{""id"":""05f4389f"",""age"":12,""favoriteIceCreamFlavor"":""strawberry""}",83.25862821825866,-45,,"{""id"":""4960c1b8"",""age"":49,""favoriteIceCreamFlavor"":""strawberry""}",female,,-66.38131865141237,2e,27244,34,47478,27812,77
1982-06-06T23:29:15.669Z,2018-07-12T19:32:47.293Z,g155af180871ee246,-10,3,59208,-75,-28,,cef1bd32ef74b5c963aa,false,"{""id"":""616d2g4g"",""age"":34,""favoriteIceCreamFlavor"":""vanilla""}",-89.01402913429055,-196,,"{""id"":""3g3c77b7"",""age"":77,""favoriteIceCreamFlavor"":""vanilla""}",male,ffefgcf0ed7f,-37.70637361277436,5953,94036,30,26233,69657,-36
1982-06-06T23:29:15.669Z,2003-12-31T23:45:11.569Z,g155af180871ee246,117,4,97339,-77,-131,,cef1bd32ef74b5c963aa,true,"{""id"":""bgbd8dc8"",""age"":78,""favoriteIceCreamFlavor"":""vanilla""}",79.09138665023542,-122,,"{""id"":""79agf84c"",""age"":95,""favoriteIceCreamFlavor"":""strawberry""}",other,ffefgcf0ed7f,-70.37683337195725,baa0,72659,42,20549,40804,41
1970-03-11T02:43:37.321Z,2021-06-22T19:41:08.956Z,03ef2g,98,0,46035,-75,-38,,6,false,"{""id"":""f0676648"",""age"":99,""favoriteIceCreamFlavor"":""strawberry""}",83.25862821825866,-183,,"{""id"":""6594e9b4"",""age"":95,""favoriteIceCreamFlavor"":""strawberry""}",female,6d,-63.22811416101766,04e5,84904,32,39984,60306,0
1970-03-11T02:43:37.321Z,1984-02-06T17:54:47.372Z,g155af180871ee246,-120,2,90471,-75,-57,,cef1bd32ef74b5c963aa,false,"{""id"":""0agefg1d"",""age"":61,""favoriteIceCreamFlavor"":""vanilla""}",-108.5563195036132,-257,,"{""id"":""7902g414"",""age"":78,""favoriteIceCreamFlavor"":""strawberry""}",female,2ffa741a1143998g2a,-62.38969793838659,22b5673ad53gg,38208,47,28454,44773,210
1992-03-02T02:26:53.996Z,1973-08-10T06:57:17.393Z,03ef2g,191,1,75681,-76,-97,,cef1bd32ef74b5c963aa,false,"{""id"":""1feg4e07"",""age"":97,""favoriteIceCreamFlavor"":""strawberry""}",-158.87834829693205,-300,,"{""id"":""cd4e2965"",""age"":32,""favoriteIceCreamFlavor"":""chocolate""}",male,756eg34a27g055,-32.81188088412474,503,93431,39,88315,39993,410
2004-08-29T16:29:23.519Z,2004-01-19T22:15:56.606Z,edce4,-4,1,99892,-76,-69,,d45b23845691720bb,true,"{""id"":""ae7gea52"",""age"":16,""favoriteIceCreamFlavor"":""strawberry""}",123.71581099041869,-115,,"{""id"":""b2c06596"",""age"":25,""favoriteIceCreamFlavor"":""strawberry""}",female,6d,1973-09-01T10:47:36.579Z,a09,20641,49,67745,89439,-23
1970-03-11T02:43:37.321Z,1981-11-22T08:52:33.466Z,g155af180871ee246,-88,2,15099,-76,-124,,cef1bd32ef74b5c963aa,true,"{""id"":""a0860601"",""age"":54,""favoriteIceCreamFlavor"":""strawberry""}",-89.01402913429055,48,,"{""id"":""91282f35"",""age"":75,""favoriteIceCreamFlavor"":""strawberry""}",female,ffefgcf0ed7f,-80.22111262330614,306c4f1ee8915774e43,37517,31,-51.75925927803185,32968,180
1970-03-11T02:43:37.321Z,2019-05-13T16:48:58.450Z,edce4,-6,4,92752,-75,-87,,cef1bd32ef74b5c963aa,true,"{""id"":""0f6dbf14"",""age"":5,""favoriteIceCreamFlavor"":""strawberry""}",-108.5563195036132,0,,"{""id"":""217208de"",""age"":45,""favoriteIceCreamFlavor"":""vanilla""}",female,2ffa741a1143998g2a,-55.050773929447516,eb,65885,33,82225,68290,124
1970-03-11T02:43:37.321Z,1985-07-05T07:56:51.917Z,c7d8a7db4gf48149f6c,51,1,41186,-76,-118,,ff6g,false,"{""id"":""81ga6fd6"",""age"":27,""favoriteIceCreamFlavor"":""chocolate""}",-108.5563195036132,-12,,"{""id"":""89908e35"",""age"":99,""favoriteIceCreamFlavor"":""vanilla""}",male,ffefgcf0ed7f,-69.32042190983114,b3f98d8ba3aa89a80ge3,49244,30,48537,46605,38
2004-08-29T16:29:23.519Z,1972-10-28T00:24:06.007Z,8965g2ge82ad,34,2,63527,-76,-58,,d45b23845691720bb,false,"{""id"":""06ac1d00"",""age"":59,""favoriteIceCreamFlavor"":""chocolate""}",79.09138665023542,47,,"{""id"":""f9a0124c"",""age"":98,""favoriteIceCreamFlavor"":""chocolate""}",prefer not to say,2ffa741a1143998g2a,-31.640938481277892,a310,10392,33,81612,64618,-85
2004-08-29T16:29:23.519Z,2024-05-12T09:32:59.736Z,c7d8a7db4gf48149f6c,72,5,58555,-77,-35,,d45b23845691720bb,false,"{""id"":""7935af83"",""age"":33,""favoriteIceCreamFlavor"":""chocolate""}",-13.472313371291857,-134,,"{""id"":""10f2d172"",""age"":14,""favoriteIceCreamFlavor"":""strawberry""}",female,6d,-65.67999171838913,37dg57131635c295,61211,57,38626,,-128
1982-06-06T23:29:15.669Z,2012-11-12T02:49:13.144Z,edce4,65,2,74626,-77,-78,,ff6g,true,"{""id"":""c1f8b9a5"",""age"":64,""favoriteIceCreamFlavor"":""strawberry""}",-51.75925927803185,-143,,,female,2ffa741a1143998g2a,-61.89713259496899,g5b95egb8a45a,11317,36,43249,51228,126
1970-03-11T02:43:37.321Z,1990-02-11T22:50:01.268Z,g155af180871ee246,68,1,42196,-76,-87,,87f4dbd52gf13g399,false,"{""id"":""c56171ed"",""age"":60,""favoriteIceCreamFlavor"":""strawberry""}",83.25862821825866,30,,"{""id"":""2g4g86c3"",""age"":92,""favoriteIceCreamFlavor"":""vanilla""}",male,756eg34a27g055,-50.60112064924441,de,93460,35,37768,125907,85
1982-06-06T23:29:15.669Z,1995-02-15T07:59:25.258Z,8965g2ge82ad,-168,5,43497,-76,-100,,883f21c62197g19g,false,"{""id"":""119b921f"",""age"":4,""favoriteIceCreamFlavor"":""chocolate""}",-89.01402913429055,-288,,"{""id"":""b7b76c5g"",""age"":81,""favoriteIceCreamFlavor"":""vanilla""}",female,756eg34a27g055,-46.882627556098996,bba15af034ce12d9,52625,37,43909,47897,94
1982-06-06T23:29:15.669Z,1981-04-07T13:38:53.732Z,03ef2g,-73,1,23442,-74,-52,,883f21c62197g19g,true,"{""id"":""989e03ca"",""age"":63,""favoriteIceCreamFlavor"":""vanilla""}",-62.77337432583313,41,,"{""id"":""0f48gd5b"",""age"":55,""favoriteIceCreamFlavor"":""vanilla""}",female,2ffa741a1143998g2a,-65.20333628720847,c9,60752,29,62876,53293,87
1982-06-06T23:29:15.669Z,2004-06-19T20:16:03.018Z,17cg018b0a69f12,-25,0,32305,-76,-81,,cef1bd32ef74b5c963aa,true,"{""id"":""09f537d6"",""age"":11,""favoriteIceCreamFlavor"":""strawberry""}",-108.5563195036132,-228,,"{""id"":""b5d4015e"",""age"":18,""favoriteIceCreamFlavor"":""vanilla""}",male,6d,-67.24347162097085,9c5a804c42385g6a2b,61327,22,56318,61351,140
2004-08-29T16:29:23.519Z,1987-07-20T22:33:36.353Z,17cg018b0a69f12,14,1,66322,-75,-106,,g2eb72d,false,"{""id"":""egf97g2a"",""age"":25,""favoriteIceCreamFlavor"":""vanilla""}",-13.472313371291857,-255,,"{""id"":""86f251c3"",""age"":74,""favoriteIceCreamFlavor"":""strawberry""}",prefer not to say,ffefgcf0ed7f,-63.70748935025089,dd,50118,1,66705,69552,29
1992-03-02T02:26:53.996Z,1975-10-03T07:14:02.472Z,edce4,-59,1,28044,-76,-108,,g2eb72d,false,"{""id"":""09353a2a"",""age"":42,""favoriteIceCreamFlavor"":""chocolate""}",79.09138665023542,-171,,"{""id"":""cf897154"",""age"":53,""favoriteIceCreamFlavor"":""strawberry""}",female,756eg34a27g055,-81.56641621030428,41c3d1ef,95741,42,68942,42251,39
1992-03-02T02:26:53.996Z,2016-04-02T05:51:40.771Z,edce4,20,2,36002,-77,-133,,883f21c62197g19g,false,"{""id"":""0bfg404b"",""age"":58,""favoriteIceCreamFlavor"":""chocolate""}",79.09138665023542,175,,"{""id"":""f4405371"",""age"":60,""favoriteIceCreamFlavor"":""strawberry""}",female,6d,-65.21212449485559,853g,19987,16,73195,38726,87
1970-03-11T02:43:37.321Z,1990-03-31T04:58:17.246Z,g155af180871ee246,47,2,44910,-76,-107,,cg6077dg1b7d69be39e3,true,"{""id"":""2e7ac545"",""age"":3,""favoriteIceCreamFlavor"":""strawberry""}",-62.77337432583313,3,,"{""id"":""c2771b46"",""age"":23,""favoriteIceCreamFlavor"":""vanilla""}",female,6d,-58.73806464814391,2a1764fg,19016,26,105441,38421,29
2004-08-29T16:29:23.519Z,1988-08-20T05:03:07.887Z,03ef2g,43,4,69532,-76,-96,,cef1bd32ef74b5c963aa,false,"{""id"":""9fbba033"",""age"":20,""favoriteIceCreamFlavor"":""strawberry""}",123.71581099041869,-305,,"{""id"":""2184bded"",""age"":41,""favoriteIceCreamFlavor"":""vanilla""}",male,6d,-61.64621744666047,db8gc5fee2476263,80600,55,33996,81736,-80
2004-08-29T16:29:23.519Z,1979-12-02T17:36:09.252Z,17cg018b0a69f12,78,4,59381,-75,-98,,ff6g,false,"{""id"":""e77808cg"",""age"":47,""favoriteIceCreamFlavor"":""strawberry""}",-62.77337432583313,-157,,"{""id"":""69c352fd"",""age"":93,""favoriteIceCreamFlavor"":""chocolate""}",male,ffefgcf0ed7f,-46.24395404549972,690122,43450,34,43567,46654,-36
2004-08-29T16:29:23.519Z,2019-10-05T06:24:28.917Z,2eee10071da17b3663,39,2,,-76,-122,,6,false,"{""id"":""6d3fc1ag"",""age"":42,""favoriteIceCreamFlavor"":""strawberry""}",-89.01402913429055,-108,,"{""id"":""a442b52a"",""age"":82,""favoriteIceCreamFlavor"":""chocolate""}",male,ffefgcf0ed7f,-71.20829319587266,a1c1egd79c5eb0b6f,62842,48,58483,33352,32
1982-06-06T23:29:15.669Z,2007-02-04T02:31:58.755Z,2eee10071da17b3663,80,5,64498,-76,-90,,d45b23845691720bb,true,"{""id"":""2e1427ef"",""age"":15,""favoriteIceCreamFlavor"":""strawberry""}",-51.75925927803185,-74,,"{""id"":""0040c514"",""age"":25,""favoriteIceCreamFlavor"":""chocolate""}",female,756eg34a27g055,-69.53219846330084,6ff370b6ab567f73c44,96938,27,53419,25096,82
2004-08-29T16:29:23.519Z,2007-08-04T18:37:08.211Z,17cg018b0a69f12,-27,2,34725,-76,-112,ffefgcf0ed7f,87f4dbd52gf13g399,true,"{""id"":""40a579g2"",""age"":53,""favoriteIceCreamFlavor"":""strawberry""}",-89.01402913429055,-1,,"{""id"":""b9478aa4"",""age"":81,""favoriteIceCreamFlavor"":""chocolate""}",female,6d,-79.80386281891853,8013a9fe796,19086,47,70210,55321,122
1982-06-06T23:29:15.669Z,1982-03-24T20:32:00.229Z,c7d8a7db4gf48149f6c,3,1,52011,-75,-107,,ff6g,true,"{""id"":""8eefe6a2"",""age"":11,""favoriteIceCreamFlavor"":""vanilla""}",-158.87834829693205,-316,,"{""id"":""93g49ca9"",""age"":16,""favoriteIceCreamFlavor"":""vanilla""}",male,ffefgcf0ed7f,-62.16587874619446,f2ef88f771a7g1430f1,92856,45,67247,79319,63
1970-03-11T02:43:37.321Z,2022-01-23T17:20:48.689Z,2eee10071da17b3663,68,2,4,-77,-106,-75,d45b23845691720bb,false,"{""id"":""f92f612a"",""age"":17,""favoriteIceCreamFlavor"":""vanilla""}",-13.472313371291857,-152,,"{""id"":""79cff779"",""age"":56,""favoriteIceCreamFlavor"":""vanilla""}",prefer not to say,2ffa741a1143998g2a,-30.74488813569313,a3c42ecaacbb06,14306,38,45639,70018,75
1982-06-06T23:29:15.669Z,1979-10-02T01:11:09.182Z,8965g2ge82ad,19,2,84082,-76,-108,,cef1bd32ef74b5c963aa,true,"{""id"":""c7353e07"",""age"":47,""favoriteIceCreamFlavor"":""vanilla""}",-89.01402913429055,-232,,"{""id"":""62903639"",""age"":100,""favoriteIceCreamFlavor"":""strawberry""}",male,6d,-45.96606293465174,f7,22071,29,79285,50890,228
1992-03-02T02:26:53.996Z,2013-10-27T07:40:56.295Z,17cg018b0a69f12,114,1,85859,-77,-81,,6,true,"{""id"":""10d21149"",""age"":77,""favoriteIceCreamFlavor"":""vanilla""}",79.09138665023542,-356,,"{""id"":""2452563g"",""age"":2,""favoriteIceCreamFlavor"":""strawberry""}",prefer not to say,2ffa741a1143998g2a,-60.15408709319888,fgec,23188,32,54938,70688,112
1992-03-02T02:26:53.996Z,1988-12-20T12:11:07.095Z,2eee10071da17b3663,14,1,85079,-75,-94,,ggf53e76d6a1,false,"{""id"":""9fa123cc"",""age"":29,""favoriteIceCreamFlavor"":""vanilla""}",-13.472313371291857,-180,,"{""id"":""c77g731c"",""age"":88,""favoriteIceCreamFlavor"":""chocolate""}",male,6d,-83.632331382356,503gfc0acf2e8ag,67251,52,65439,67903,96
2004-08-29T16:29:23.519Z,1998-01-24T02:43:54.446Z,17cg018b0a69f12,-78,3,94562,-76,-65,,g2eb72d,true,"{""id"":""2gac53g2"",""age"":58,""favoriteIceCreamFlavor"":""chocolate""}",-89.01402913429055,-84,,"{""id"":""ebg150d1"",""age"":88,""favoriteIceCreamFlavor"":""vanilla""}",male,ffefgcf0ed7f,-70.57104608239973,6696,55578,47,38763,76935,-94
1970-03-11T02:43:37.321Z,1979-12-20T02:24:20.807Z,2eee10071da17b3663,-73,4,36606,-76,-57,,d45b23845691720bb,true,"{""id"":""3e41857b"",""age"":35,""favoriteIceCreamFlavor"":""strawberry""}",83.25862821825866,4,,"{""id"":""ebb4ed1b"",""age"":59,""favoriteIceCreamFlavor"":""strawberry""}",male,ffefgcf0ed7f,-68.51645764535105,b58a830a,26075,21,81208,45845,141
1992-03-02T02:26:53.996Z,1971-01-26T20:06:39.590Z,2eee10071da17b3663,43,4,74214,-76,-123,,cef1bd32ef74b5c963aa,true,"{""id"":""g007gd08"",""age"":71,""favoriteIceCreamFlavor"":""vanilla""}",-158.87834829693205,-101,,"{""id"":""96egcee3"",""age"":8,""favoriteIceCreamFlavor"":""strawberry""}",male,6d,-60.74969650115862,d62d73bc5cd68,42342,36,72489,57979,147
2004-08-29T16:29:23.519Z,2015-06-25T10:33:29.596Z,g155af180871ee246,1,4,25233,-76,-31,,883f21c62197g19g,false,"{""id"":""f07a1cbf"",""age"":49,""favoriteIceCreamFlavor"":""vanilla""}",-158.87834829693205,-46,,"{""id"":""369f1f6c"",""age"":89,""favoriteIceCreamFlavor"":""strawberry""}",female,2ffa741a1143998g2a,-49.76403945314897,4g,96252,41,41693,34173,329
1992-03-02T02:26:53.996Z,1987-02-13T18:14:29.674Z,17cg018b0a69f12,-43,1,80565,-76,-62,,87f4dbd52gf13g399,false,"{""id"":""g0459197"",""age"":94,""favoriteIceCreamFlavor"":""chocolate""}",-108.5563195036132,-458,,"{""id"":""80f1aab1"",""age"":66,""favoriteIceCreamFlavor"":""strawberry""}",male,6d,-86.87319820004166,b2b8e70061,29036,28,45740,54313,197
1982-06-06T23:29:15.669Z,1974-12-24T19:59:14.317Z,8965g2ge82ad,3,4,17043,-76,-71,,883f21c62197g19g,false,96308,79.09138665023542,-143,,"{""id"":""7g6e470a"",""age"":15,""favoriteIceCreamFlavor"":""vanilla""}",male,756eg34a27g055,-63.508536563150415,c0b1140ccec317,85592,50,87346,51102,-70
2004-08-29T16:29:23.519Z,1999-02-20T16:13:58.524Z,03ef2g,78,3,22368,-76,-142,,883f21c62197g19g,false,"{""id"":""1f7a69af"",""age"":84,""favoriteIceCreamFlavor"":""strawberry""}",-89.01402913429055,-150,,"{""id"":""ac2e5b41"",""age"":60,""favoriteIceCreamFlavor"":""chocolate""}",female,756eg34a27g055,-81.60831257679526,g291,90998,36,85602,42730,130
1992-03-02T02:26:53.996Z,2010-10-14T03:45:05.958Z,17cg018b0a69f12,-16,39,79039,-77,-12,,6,true,"{""id"":""1dce0cec"",""age"":35,""favoriteIceCreamFlavor"":""strawberry""}",83.25862821825866,114,,"{""id"":""8b9fb508"",""age"":84,""favoriteIceCreamFlavor"":""chocolate""}",male,ffefgcf0ed7f,-41.95937943887034,1161689b,84040,49,34053,41750,61
1982-06-06T23:29:15.669Z,1984-09-21T01:03:31.551Z,2eee10071da17b3663,122,2,98223,-76,-112,,883f21c62197g19g,true,"{""id"":""e4ebf826"",""age"":50,""favoriteIceCreamFlavor"":""strawberry""}",-158.87834829693205,-377,,"{""id"":""b6752de7"",""age"":38,""favoriteIceCreamFlavor"":""vanilla""}",female,756eg34a27g055,-53.482853837816705,2013-05-27T05:53:58.513Z,79544,33,46281,38527,106
1970-03-11T02:43:37.321Z,1970-09-13T08:06:20.313Z,8965g2ge82ad,-15,4,48134,-76,-58,,cef1bd32ef74b5c963aa,false,"{""id"":""67c55807"",""age"":98,""favoriteIceCreamFlavor"":""vanilla""}",79.09138665023542,-90,,"{""id"":""23113ge1"",""age"":31,""favoriteIceCreamFlavor"":""chocolate""}",female,ffefgcf0ed7f,-73.78635688029561,ae737ac5084b32b,91945,44,50943,58769,70
1970-03-11T02:43:37.321Z,1985-08-28T11:10:35.293Z,edce4,-22,5,57431,-77,-93,,6,false,"{""id"":""c1b54962"",""age"":91,""favoriteIceCreamFlavor"":""chocolate""}",79.09138665023542,-44,,"{""id"":""c833b92f"",""age"":13,""favoriteIceCreamFlavor"":""strawberry""}",other,756eg34a27g055,-94.40907532891627,db,29254,43,29361,73929,147
1970-03-11T02:43:37.321Z,2011-12-06T08:05:26.368Z,8965g2ge82ad,91,1,91104,-77,-89,,cef1bd32ef74b5c963aa,false,"{""id"":""ab9a3abd"",""age"":58,""favoriteIceCreamFlavor"":""vanilla""}",-51.75925927803185,154,,"{""id"":""0bgd7443"",""age"":15,""favoriteIceCreamFlavor"":""vanilla""}",female,6d,-66.72979050907487,e3f3757c5632g66a128,50414,35,43922,25723,145
2004-08-29T16:29:23.519Z,1992-10-23T07:41:33.521Z,2eee10071da17b3663,63,5,77255,-76,-93,,cef1bd32ef74b5c963aa,false,"{""id"":""1de777b9"",""age"":84,""favoriteIceCreamFlavor"":""vanilla""}",-158.87834829693205,32,,"{""id"":""0198a155"",""age"":4,""favoriteIceCreamFlavor"":""vanilla""}",female,2ffa741a1143998g2a,-56.25581206629054,bb19db1062c,57987,31,59941,35891,-5
1982-06-06T23:29:15.669Z,1975-08-26T04:24:42.081Z,g155af180871ee246,66,4,41219,-75,-119,,87f4dbd52gf13g399,false,"{""id"":""42561a5e"",""age"":86,""favoriteIceCreamFlavor"":""strawberry""}",79.09138665023542,-58,,"{""id"":""a033714f"",""age"":29,""favoriteIceCreamFlavor"":""strawberry""}",male,756eg34a27g055,-51.782697295182835,38385ed,51152,34,41131,58845,94
1982-06-06T23:29:15.669Z,1977-12-05T07:59:21.174Z,g155af180871ee246,44,1,18384,-77,-110,,ggf53e76d6a1,true,"{""id"":""862g3861"",""age"":75,""favoriteIceCreamFlavor"":""vanilla""}",-158.87834829693205,45,,"{""id"":""e8e00b85"",""age"":98,""favoriteIceCreamFlavor"":""strawberry""}",female,ffefgcf0ed7f,-53.92281572801449,g6c6gb5ba,92775,54,61689,89517,107
1992-03-02T02:26:53.996Z,2008-01-27T09:54:58.168Z,g155af180871ee246,-41,1,68250,-76,-83,,g2eb72d,true,"{""id"":""4gf98c86"",""age"":96,""favoriteIceCreamFlavor"":""vanilla""}",83033,-165,,"{""id"":""583e4370"",""age"":82,""favoriteIceCreamFlavor"":""strawberry""}",male,2ffa741a1143998g2a,-80.6829775206365,77a2e3,56391,48,45204,98265,-25
1982-06-06T23:29:15.669Z,1975-02-10T07:00:30.867Z,8965g2ge82ad,-112,5,68330,-76,-169,,6,false,"{""id"":""cga0cb78"",""age"":37,""favoriteIceCreamFlavor"":""chocolate""}",-62.77337432583313,-36,,"{""id"":""dffa6gd4"",""age"":71,""favoriteIceCreamFlavor"":""chocolate""}",male,6d,-73.74293577429532,5,89910,45,62411,54147,7
1992-03-02T02:26:53.996Z,2014-03-22T15:28:35.014Z,8965g2ge82ad,21,2,10877,-75,-68,,ggf53e76d6a1,true,"{""id"":""5b0cd6ga"",""age"":8,""favoriteIceCreamFlavor"":""chocolate""}",123.71581099041869,98,,"{""id"":""f4b9106g"",""age"":28,""favoriteIceCreamFlavor"":""vanilla""}",male,ffefgcf0ed7f,-37.941145336997444,g86390417,37097,38,47250,70148,-125
1970-03-11T02:43:37.321Z,1977-08-28T04:26:01.403Z,edce4,-167,4,91049,-76,-114,,cef1bd32ef74b5c963aa,true,"{""id"":""26b2fe2a"",""age"":68,""favoriteIceCreamFlavor"":""chocolate""}",83.25862821825866,-287,,"{""id"":""3d57a7a5"",""age"":41,""favoriteIceCreamFlavor"":""strawberry""}",female,6d,-64.71532744771001,84gb2fge5,98229,39,27681,100287,-59
1970-03-11T02:43:37.321Z,1982-08-02T12:06:28.410Z,03ef2g,22,3,21306,-76,-85,,d45b23845691720bb,true,"{""id"":""29a3efb9"",""age"":18,""favoriteIceCreamFlavor"":""vanilla""}",-89.01402913429055,-122,,"{""id"":""7c9c4b6e"",""age"":59,""favoriteIceCreamFlavor"":""vanilla""}",male,6d,-65.26013042477865,2,41605,35,40436,54225,50
1992-03-02T02:26:53.996Z,1988-10-07T04:51:44.771Z,c7d8a7db4gf48149f6c,-80,4,89816,-76,-79,,cef1bd32ef74b5c963aa,true,"{""id"":""0c7e8320"",""age"":91,""favoriteIceCreamFlavor"":""strawberry""}",83.25862821825866,-65,,"{""id"":""922gf3cb"",""age"":17,""favoriteIceCreamFlavor"":""vanilla""}",female,6d,-78.41818744572033,2a28e3,86775,39,70094,34606,45
1970-03-11T02:43:37.321Z,1994-01-04T18:35:19.384Z,8965g2ge82ad,-39,0,66378,-75,-51,,cef1bd32ef74b5c963aa,false,"{""id"":""4g2g15a3"",""age"":13,""favoriteIceCreamFlavor"":""chocolate""}",79.09138665023542,-175,,"{""id"":""ge2350ad"",""age"":97,""favoriteIceCreamFlavor"":""chocolate""}",female,2ffa741a1143998g2a,-49.106683203928924,efc34d6,85532,24,48936,40486,-6
1970-03-11T02:43:37.321Z,1997-11-12T14:15:13.250Z,03ef2g,-18,4,84801,-76,-168,,d45b23845691720bb,true,"{""id"":""g20b94e1"",""age"":64,""favoriteIceCreamFlavor"":""vanilla""}",-51.75925927803185,-248,,"{""id"":""095g729c"",""age"":17,""favoriteIceCreamFlavor"":""strawberry""}",female,756eg34a27g055,-83.13714742496441,9f7g66ede,38500,40,70329,29363,2
2004-08-29T16:29:23.519Z,1976-12-29T10:10:38.527Z,2eee10071da17b3663,27,4,19105,-76,-73,,g2eb72d,false,"{""id"":""2eg2cag9"",""age"":64,""favoriteIceCreamFlavor"":""vanilla""}",-158.87834829693205,-151,,"{""id"":""6909abe4"",""age"":97,""favoriteIceCreamFlavor"":""chocolate""}",prefer not to say,756eg34a27g055,-78.2146125474006,g,70208,33,88019,66373,-74
1992-03-02T02:26:53.996Z,2009-07-01T00:01:29.667Z,17cg018b0a69f12,-33,4,75661,-76,-52,,d45b23845691720bb,false,"{""id"":""8104e4bd"",""age"":76,""favoriteIceCreamFlavor"":""vanilla""}",79.09138665023542,122,,"{""id"":""a1da2c60"",""age"":52,""favoriteIceCreamFlavor"":""strawberry""}",female,756eg34a27g055,-76.48326267313271,50c31fb39697ad,20038,53,46030,39804,277
1992-03-02T02:26:53.996Z,2013-04-14T23:43:57.079Z,edce4,132,0,90286,-77,-100,,6,true,"{""id"":""34ba1560"",""age"":14,""favoriteIceCreamFlavor"":""vanilla""}",123.71581099041869,-69,,"{""id"":""382a6ebf"",""age"":30,""favoriteIceCreamFlavor"":""strawberry""}",male,2ffa741a1143998g2a,-77.7667230057169,b2,39400,35,43359,75780,84
1982-06-06T23:29:15.669Z,2017-01-08T01:18:22.979Z,03ef2g,1992-03-02T02:26:53.996Z,3,97098,-76,-49,,87f4dbd52gf13g399,true,"{""id"":""310328be"",""age"":72,""favoriteIceCreamFlavor"":""vanilla""}",-108.5563195036132,75,,"{""id"":""5866d541"",""age"":54,""favoriteIceCreamFlavor"":""vanilla""}",male,2ffa741a1143998g2a,-67.41354769316536,b55bdd,81082,38,"{""id"":""ab0b903g"",""age"":75,""favoriteIceCreamFlavor"":""chocolate""}",37784,105
1970-03-11T02:43:37.321Z,1973-09-30T00:37:29.522Z,03ef2g,-81,3,79076,-76,-33,,cg6077dg1b7d69be39e3,false,"{""id"":""3dd356e1"",""age"":81,""favoriteIceCreamFlavor"":""chocolate""}",123.71581099041869,-68,,"{""id"":""82975bc6"",""age"":57,""favoriteIceCreamFlavor"":""strawberry""}",male,6d,-63.98058455821943,a664b77,,50,33040,67331,263
1992-03-02T02:26:53.996Z,1995-02-10T16:44:05.974Z,8965g2ge82ad,-128,3,57794,-76,-22,,95262,true,"{""id"":""dc1c0300"",""age"":48,""favoriteIceCreamFlavor"":""strawberry""}",-158.87834829693205,-143,,"{""id"":""54368bd0"",""age"":80,""favoriteIceCreamFlavor"":""vanilla""}",other,756eg34a27g055,-62.38449978156492,b607fed9383d7g323,98871,55,64846,65234,123
2004-08-29T16:29:23.519Z,1991-03-07T07:07:50.165Z,2eee10071da17b3663,-124,0,45489,-76,-91,,cg6077dg1b7d69be39e3,false,"{""id"":""642d5035"",""age"":99,""favoriteIceCreamFlavor"":""chocolate""}",83.25862821825866,265,,"{""id"":""gg8gb4a7"",""age"":96,""favoriteIceCreamFlavor"":""strawberry""}",prefer not to say,6d,-42.10743968847561,ec,14235,27,33069,78128,126
1982-06-06T23:29:15.669Z,2004-12-10T06:01:48.251Z,g155af180871ee246,93,3,22000,-76,-59,,cg6077dg1b7d69be39e3,true,"{""id"":""f7e70c82"",""age"":80,""favoriteIceCreamFlavor"":""vanilla""}",-108.5563195036132,-249,,"{""id"":""fg4c38b4"",""age"":52,""favoriteIceCreamFlavor"":""vanilla""}",male,756eg34a27g055,-74.71146551881208,88f1796,39201,32,86326,52162,249
1992-03-02T02:26:53.996Z,1998-11-25T00:52:35.680Z,03ef2g,9,3,20429,-76,-112,,ggf53e76d6a1,false,"{""id"":""eeecga08"",""age"":16,""favoriteIceCreamFlavor"":""strawberry""}",-158.87834829693205,-12,,"{""id"":""441bbfa2"",""age"":65,""favoriteIceCreamFlavor"":""chocolate""}",female,ffefgcf0ed7f,-39.907138146804485,e100a4d54036,23728,26,45656,51180,-28
1992-03-02T02:26:53.996Z,1974-01-30T09:06:07.657Z,03ef2g,37,1,38466,-76,-145,,g2eb72d,true,"{""id"":""6a0f9c92"",""age"":89,""favoriteIceCreamFlavor"":""strawberry""}",-13.472313371291857,-186,,"{""id"":""ea313ede"",""age"":37,""favoriteIceCreamFlavor"":""strawberry""}",male,756eg34a27g055,-63.38413382003783,2613123658,36636,37,77901,62917,23
2004-08-29T16:29:23.519Z,2014-03-23T21:17:17.657Z,2eee10071da17b3663,-89,3,89775,-76,-46,,cef1bd32ef74b5c963aa,false,"{""id"":""9g4150f0"",""age"":51,""favoriteIceCreamFlavor"":""vanilla""}",-89.01402913429055,-184,,"{""id"":""7b9b02d7"",""age"":31,""favoriteIceCreamFlavor"":""strawberry""}",female,ffefgcf0ed7f,-60.39593930631365,abg0b5gc99d013,95604,57,39932,89245,211
1992-03-02T02:26:53.996Z,,03ef2g,-12,1,34019,-76,-39,,6,false,"{""id"":""0g0eg7a6"",""age"":44,""favoriteIceCreamFlavor"":""vanilla""}",83.25862821825866,-284,,"{""id"":""3345bc25"",""age"":85,""favoriteIceCreamFlavor"":""chocolate""}",male,6d,-53.08983295259148,4c13g2,53719,39,61845,29572,106
1982-06-06T23:29:15.669Z,2000-09-18T06:35:40.879Z,8965g2ge82ad,3,4,14400,-76,-136,,883f21c62197g19g,false,"{""id"":""f3b0a4e6"",""age"":24,""favoriteIceCreamFlavor"":""vanilla""}",-13.472313371291857,55,,"{""id"":""3ae339bf"",""age"":23,""favoriteIceCreamFlavor"":""chocolate""}",other,6d,-74.75117129196082,76220d6,43761,true,63252,22914,138
1970-03-11T02:43:37.321Z,1991-11-22T04:10:43.038Z,17cg018b0a69f12,34,2,72582,-76,-63,,ggf53e76d6a1,false,"{""id"":""5cfga2dd"",""age"":82,""favoriteIceCreamFlavor"":""chocolate""}",79.09138665023542,-63,,"{""id"":""555cg3f8"",""age"":48,""favoriteIceCreamFlavor"":""strawberry""}",male,2ffa741a1143998g2a,-81.4104390682254,gc,57580,42,38526,70655,20
2004-08-29T16:29:23.519Z,2020-08-21T01:18:19.396Z,03ef2g,-132,2,58216,-75,-99,,d45b23845691720bb,false,"{""id"":""9930df8a"",""age"":21,""favoriteIceCreamFlavor"":""strawberry""}",83.25862821825866,66,,"{""id"":""919g40fa"",""age"":82,""favoriteIceCreamFlavor"":""vanilla""}",male,6d,-80.06784721529458,d5agc9e47g1g6cb06g,56231,40,29628,54401,175
2004-08-29T16:29:23.519Z,2018-10-09T21:01:53.702Z,g155af180871ee246,-117,3,72361,-75,-97,,cef1bd32ef74b5c963aa,true,"{""id"":""a7d94ed9"",""age"":30,""favoriteIceCreamFlavor"":""vanilla""}",-158.87834829693205,-144,,176,female,ffefgcf0ed7f,-91.2538032338047,42bfgddfc46213fb,30383,39,51429,28926,101
1970-03-11T02:43:37.321Z,2013-02-16T03:21:37.895Z,03ef2g,107,2,47649,-75,-39,,g2eb72d,true,"{""id"":""de9f6674"",""age"":39,""favoriteIceCreamFlavor"":""chocolate""}",-108.5563195036132,-174,,"{""id"":""765afcac"",""age"":53,""favoriteIceCreamFlavor"":""vanilla""}",male,6d,-88.3078134899717,5ffe2e050f,23541,38,32993,70112,223
1982-06-06T23:29:15.669Z,2010-07-26T13:54:39.609Z,8965g2ge82ad,47,3,96733,-75,-101,,g2eb72d,true,"{""id"":""9a654361"",""age"":98,""favoriteIceCreamFlavor"":""vanilla""}",83.25862821825866,-30,,"{""id"":""7f0a77e3"",""age"":8,""favoriteIceCreamFlavor"":""strawberry""}",male,756eg34a27g055,-57.08399694700152,f851c39c7,38303,53,70329,34997,55
1970-03-11T02:43:37.321Z,2021-10-19T04:36:46.652Z,8965g2ge82ad,-14,4,61026,-76,-37,,cg6077dg1b7d69be39e3,false,"{""id"":""6bdce6a0"",""age"":99,""favoriteIceCreamFlavor"":""strawberry""}",-13.472313371291857,-313,,"{""id"":""98a64718"",""age"":40,""favoriteIceCreamFlavor"":""strawberry""}",female,756eg34a27g055,-70.6941667148506,dfacg2g0f934490,77607,33,55928,44697,315
1970-03-11T02:43:37.321Z,2008-05-29T01:31:45.826Z,edce4,85,1,95678,-75,-67,,d45b23845691720bb,true,"{""id"":""06bacfb8"",""age"":82,""favoriteIceCreamFlavor"":""vanilla""}",83.25862821825866,78,,"{""id"":""b39ac909"",""age"":14,""favoriteIceCreamFlavor"":""chocolate""}",male,ffefgcf0ed7f,-29.191416784702156,e,50682,33,38901,44175,136
1970-03-11T02:43:37.321Z,2010-01-30T09:19:52.029Z,2eee10071da17b3663,-149,2,57177,-75,-25,,ff6g,false,"{""id"":""ddf9c20f"",""age"":79,""favoriteIceCreamFlavor"":""chocolate""}",-62.77337432583313,-222,,"{""id"":""8343a4a2"",""age"":37,""favoriteIceCreamFlavor"":""chocolate""}",female,2ffa741a1143998g2a,-52.52052176487264,ae9f7a49bb3,48150,41,64654,169750,26
1992-03-02T02:26:53.996Z,2018-04-14T20:13:23.501Z,8965g2ge82ad,-105,0,82914,-76,-172,,d45b23845691720bb,false,"{""id"":""e882fg94"",""age"":23,""favoriteIceCreamFlavor"":""chocolate""}",-158.87834829693205,44,,"{""id"":""g2d6ed3e"",""age"":14,""favoriteIceCreamFlavor"":""strawberry""}",other,ffefgcf0ed7f,-66.94474412980715,5b65bbb191,88327,32,84918,33477,-45
1982-06-06T23:29:15.669Z,1984-05-08T13:02:51.358Z,c7d8a7db4gf48149f6c,-16,3,38227,-76,-103,,6,true,"{""id"":""4372d29g"",""age"":51,""favoriteIceCreamFlavor"":""vanilla""}",-108.5563195036132,-55,,"{""id"":""a75bg33g"",""age"":54,""favoriteIceCreamFlavor"":""chocolate""}",female,2ffa741a1143998g2a,-79.65128591974619,0f19060541g358f,96909,30,33843,40440,152
1970-03-11T02:43:37.321Z,1982-03-02T16:41:09.765Z,17cg018b0a69f12,-41,2,65785,-76,-115,,cg6077dg1b7d69be39e3,false,"{""id"":""d21772a4"",""age"":27,""favoriteIceCreamFlavor"":""strawberry""}",123.71581099041869,-81,,"{""id"":""7c3813fe"",""age"":58,""favoriteIceCreamFlavor"":""chocolate""}",female,ffefgcf0ed7f,-79.35610030639666,6b2557a21976e43,55752,36,41658,49726,-18
2004-08-29T16:29:23.519Z,2001-01-28T16:51:24.233Z,2eee10071da17b3663,61,4,14279,-76,-70,,g2eb72d,false,"{""id"":""58fceg73"",""age"":58,""favoriteIceCreamFlavor"":""strawberry""}",-13.472313371291857,-187,,"{""id"":""b1f974bg"",""age"":11,""favoriteIceCreamFlavor"":""strawberry""}",female,6d,-62.083765401140695,249db55a,50088,32,111194,77310,343
1970-03-11T02:43:37.321Z,1973-01-24T11:29:25.932Z,03ef2g,132,3,61880,-76,-30,,6,true,"{""id"":""36f951ge"",""age"":15,""favoriteIceCreamFlavor"":""vanilla""}",-13.472313371291857,-112,,"{""id"":""bd4ge74c"",""age"":33,""favoriteIceCreamFlavor"":""strawberry""}",female,2ffa741a1143998g2a,-39.0616634423738,2,57524,47,34215,40730,-9
1982-06-06T23:29:15.669Z,1973-06-10T07:21:05.373Z,8965g2ge82ad,-36,0,57826,-75,-133,,883f21c62197g19g,true,"{""id"":""40ead128"",""age"":43,""favoriteIceCreamFlavor"":""strawberry""}",-89.01402913429055,-47,,"{""id"":""a4762a81"",""age"":56,""favoriteIceCreamFlavor"":""vanilla""}",female,5,-61.67846309871875,ae7,82198,26,112910,36253,335
2004-08-29T16:29:23.519Z,1992-09-15T21:20:35.083Z,g155af180871ee246,106,2,13206,-76,-79,,d45b23845691720bb,false,"{""id"":""6af1195c"",""age"":65,""favoriteIceCreamFlavor"":""strawberry""}",-108.5563195036132,-154,,"{""id"":""d1g44c77"",""age"":98,""favoriteIceCreamFlavor"":""strawberry""}",male,ffefgcf0ed7f,-81.6659258436872,62b,29374,38,52292,39575,195
1992-03-02T02:26:53.996Z,1973-11-02T00:20:47.345Z,03ef2g,80,3,94350,-75,-75,,ggf53e76d6a1,false,"{""id"":""6737b40g"",""age"":54,""favoriteIceCreamFlavor"":""vanilla""}",-158.87834829693205,,,"{""id"":""64b76ggd"",""age"":83,""favoriteIceCreamFlavor"":""strawberry""}",male,2ffa741a1143998g2a,-60.97982554269376,egca1c7153e5227g6cdd,54947,46,31508,47906,24
1970-03-11T02:43:37.321Z,1973-01-18T21:21:50.825Z,g155af180871ee246,17,4,42205,-77,-64,,6,true,"{""id"":""aee0g9fd"",""age"":32,""favoriteIceCreamFlavor"":""strawberry""}",83.25862821825866,-122,,"{""id"":""6c84f54f"",""age"":24,""favoriteIceCreamFlavor"":""vanilla""}",female,2ffa741a1143998g2a,-47.2638433932987,bef87012f5e5,41986,38,30687,63231,99
1982-06-06T23:29:15.669Z,1986-08-07T13:46:03.798Z,edce4,-75,5,65102,-75,-89,,cg6077dg1b7d69be39e3,false,"{""id"":""c5350f7c"",""age"":63,""favoriteIceCreamFlavor"":""strawberry""}",-13.472313371291857,-15,,"{""id"":""228gdd95"",""age"":37,""favoriteIceCreamFlavor"":""chocolate""}",male,756eg34a27g055,-73.71287649196074,f6g7d0g,45709,41,32537,47125,-21
2004-08-29T16:29:23.519Z,1983-08-07T09:43:41.316Z,edce4,81,0,,-76,-89,,g2eb72d,true,"{""id"":""358fe9c5"",""age"":99,""favoriteIceCreamFlavor"":""strawberry""}",-51.75925927803185,7,,"{""id"":""7ga1b8a8"",""age"":55,""favoriteIceCreamFlavor"":""chocolate""}",male,ffefgcf0ed7f,-60.79453988064155,9g0,18639,39,37439,47461,247
1970-03-11T02:43:37.321Z,1991-02-28T02:47:29.314Z,g155af180871ee246,36,2,78068,-78,-100,,883f21c62197g19g,false,"{""id"":""fg772848"",""age"":11,""favoriteIceCreamFlavor"":""strawberry""}",-13.472313371291857,-336,,"{""id"":""7c75g2da"",""age"":38,""favoriteIceCreamFlavor"":""chocolate""}",male,ffefgcf0ed7f,-72.41198305678031,eaa075395b2353f,33565,36,43944,32841,174
1992-03-02T02:26:53.996Z,1971-03-12T19:58:32.777Z,17cg018b0a69f12,0,4,58209,-75,-71,-76,g2eb72d,true,"{""id"":""67874c4b"",""age"":41,""favoriteIceCreamFlavor"":""vanilla""}",79.09138665023542,-126,,"{""id"":""e70bb63g"",""age"":40,""favoriteIceCreamFlavor"":""vanilla""}",female,756eg34a27g055,-57.66677221808183,f652f8be1ec0g8ef,53032,56,54745,24443,19
1970-03-11T02:43:37.321Z,1997-09-20T07:01:35.502Z,,38,4,21363,-76,-87,,cg6077dg1b7d69be39e3,true,"{""id"":""gg3df7a4"",""age"":6,""favoriteIceCreamFlavor"":""chocolate""}",-89.01402913429055,-154,,"{""id"":""eea6e171"",""age"":42,""favoriteIceCreamFlavor"":""strawberry""}",male,ffefgcf0ed7f,-79.30156934397272,047d64fc5eeb4e246075,79901,47,86428,87780,173
1992-03-02T02:26:53.996Z,2020-03-26T12:36:47.701Z,g155af180871ee246,-4,2,75905,-76,-61,,d45b23845691720bb,true,"{""id"":""39d8b573"",""age"":9,""favoriteIceCreamFlavor"":""strawberry""}",-51.75925927803185,-18,,"{""id"":""4e987448"",""age"":26,""favoriteIceCreamFlavor"":""vanilla""}",male,756eg34a27g055,-58.48231796077133,a89g53cc1e2d5b,78423,55,79011,48971,145
2004-08-29T16:29:23.519Z,2010-06-11T08:10:33.410Z,g155af180871ee246,-3,3,50407,-75,-117,,6,true,"{""id"":""gg29de11"",""age"":55,""favoriteIceCreamFlavor"":""vanilla""}",-108.5563195036132,35,,"{""id"":""19bc9556"",""age"":28,""favoriteIceCreamFlavor"":""chocolate""}",other,2ffa741a1143998g2a,-45.287460309130694,f4590d3b3,72270,44,55140,52745,243
1970-03-11T02:43:37.321Z,1998-01-15T13:30:09.706Z,edce4,16,4,36128,-76,-101,,g2eb72d,true,"{""id"":""bdd32age"",""age"":13,""favoriteIceCreamFlavor"":""strawberry""}",-62.77337432583313,-166,,"{""id"":""57dage79"",""age"":10,""favoriteIceCreamFlavor"":""strawberry""}",prefer not to say,756eg34a27g055,-53.25414223328265,e951a3576,56558,47,108909,38773,-18
1992-03-02T02:26:53.996Z,2018-05-10T01:11:00.075Z,2eee10071da17b3663,-17,3,97542,-76,-64,,cg6077dg1b7d69be39e3,false,"{""id"":""e980be0e"",""age"":52,""favoriteIceCreamFlavor"":""vanilla""}",-13.472313371291857,-37,,"{""id"":""b3cbfccf"",""age"":54,""favoriteIceCreamFlavor"":""vanilla""}",other,756eg34a27g055,-75.06771316585028,e1b0373df,34454,51,131306,51746,175
2004-08-29T16:29:23.519Z,1996-07-05T08:37:34.955Z,8965g2ge82ad,-210,4,16909,-76,-78,,883f21c62197g19g,true,"{""id"":""8f40c83f"",""age"":54,""favoriteIceCreamFlavor"":""vanilla""}",-62.77337432583313,-233,,"{""id"":""6g4214fg"",""age"":93,""favoriteIceCreamFlavor"":""strawberry""}",prefer not to say,ffefgcf0ed7f,-55.31670537648001,644a7fdcf67,38870,34,19239,85989,98
1970-03-11T02:43:37.321Z,1971-04-09T13:24:34.924Z,03ef2g,-125,4,67337,-75,-66,,883f21c62197g19g,true,"{""id"":""af3a98ag"",""age"":51,""favoriteIceCreamFlavor"":""strawberry""}",-158.87834829693205,-187,,"{""id"":""bbe316aa"",""age"":8,""favoriteIceCreamFlavor"":""chocolate""}",male,ffefgcf0ed7f,-46.30071380864293,9.8e+81,58672,24,48905,58738,424
1970-03-11T02:43:37.321Z,2000-07-26T17:13:22.200Z,03ef2g,-92,3,24155,-75,-129,,cg6077dg1b7d69be39e3,false,"{""id"":""f9059d29"",""age"":54,""favoriteIceCreamFlavor"":""vanilla""}",-51.75925927803185,-99,,"{""id"":""4eb72gb2"",""age"":66,""favoriteIceCreamFlavor"":""chocolate""}",male,756eg34a27g055,-55.83356426163853,d51ded337,45876,30,25043,48198,-149
1970-03-11T02:43:37.321Z,,03ef2g,-166,4,56647,-76,-55,,87f4dbd52gf13g399,false,"{""id"":""ag3a590g"",""age"":65,""favoriteIceCreamFlavor"":""strawberry""}",83.25862821825866,29,,"{""id"":""2gf4de35"",""age"":89,""favoriteIceCreamFlavor"":""chocolate""}",female,2ffa741a1143998g2a,-88.80757723146692,11b5b822b9583ed65c11,89393,40,97758,58277,201
1970-03-11T02:43:37.321Z,1976-11-09T07:48:28.888Z,03ef2g,129,2,28358,-76,-105,,,false,"{""id"":""3ff169g7"",""age"":81,""favoriteIceCreamFlavor"":""strawberry""}",-89.01402913429055,-192,,"{""id"":""36a70435"",""age"":25,""favoriteIceCreamFlavor"":""chocolate""}",other,6d,-93.85279026668748,daf9cdca4b,12024,27,56076,42593,165
2004-08-29T16:29:23.519Z,2002-11-05T19:08:01.067Z,g155af180871ee246,-156,3,13583,-76,-36,,883f21c62197g19g,true,"{""id"":""68fb6d85"",""age"":70,""favoriteIceCreamFlavor"":""strawberry""}",79.09138665023542,110,,"{""id"":""de9aef12"",""age"":1,""favoriteIceCreamFlavor"":""strawberry""}",male,756eg34a27g055,-94.13556708208499,16391,28186,48,56799,92703,23
2004-08-29T16:29:23.519Z,1982-12-21T13:04:31.373Z,edce4,66,0,91001,-75,-65,,ff6g,false,"{""id"":""1544c839"",""age"":71,""favoriteIceCreamFlavor"":""strawberry""}",83.25862821825866,206,,"{""id"":""07a7d2b1"",""age"":44,""favoriteIceCreamFlavor"":""vanilla""}",other,ffefgcf0ed7f,-76.81686525908239,fa353668g92gce24,33029,42,63559,40243,188
1970-03-11T02:43:37.321Z,1974-04-28T09:15:54.616Z,8965g2ge82ad,103,5,76652,-76,-80,,883f21c62197g19g,true,"{""id"":""fb92f6dd"",""age"":38,""favoriteIceCreamFlavor"":""strawberry""}",-13.472313371291857,-178,,"{""id"":""4b4228ac"",""age"":65,""favoriteIceCreamFlavor"":""vanilla""}",other,756eg34a27g055,-62.726742896748036,a43ca9cc59,73583,31,72146,58483,89
1992-03-02T02:26:53.996Z,1984-06-26T03:25:33.041Z,17cg018b0a69f12,18,1,87862,-76,-159,,ff6g,true,"{""id"":""c9d43c5f"",""age"":36,""favoriteIceCreamFlavor"":""vanilla""}",-62.77337432583313,-85,,"{""id"":""48g38d16"",""age"":36,""favoriteIceCreamFlavor"":""strawberry""}",male,6d,-91.07672827962571,d8dbaf9d34,17417,41,67602,21137,160
2004-08-29T16:29:23.519Z,1995-07-04T09:51:13.345Z,8965g2ge82ad,-42,1,83766,-76,-142,,87f4dbd52gf13g399,true,"{""id"":""9c43014b"",""age"":44,""favoriteIceCreamFlavor"":""chocolate""}",-89.01402913429055,11,,"{""id"":""ga6f5d4d"",""age"":38,""favoriteIceCreamFlavor"":""chocolate""}",other,ffefgcf0ed7f,-59.446172809586656,48,99235,,134476,40314,-97
1970-03-11T02:43:37.321Z,2003-11-21T07:31:30.435Z,c7d8a7db4gf48149f6c,-128,1,25913,-76,-108,,cef1bd32ef74b5c963aa,false,"{""id"":""ff6aadb7"",""age"":78,""favoriteIceCreamFlavor"":""strawberry""}",-89.01402913429055,-91,,"{""id"":""c491ab17"",""age"":11,""favoriteIceCreamFlavor"":""strawberry""}",male,756eg34a27g055,-64.5493724834421,e0gcg2e6f870g3,19355,52,66706,69169,147
2004-08-29T16:29:23.519Z,1997-09-23T18:09:40.626Z,c7d8a7db4gf48149f6c,18,1,82100,-76,-119,,cef1bd32ef74b5c963aa,true,"{""id"":""b2d1c77f"",""age"":47,""favoriteIceCreamFlavor"":""chocolate""}",-158.87834829693205,-210,,"{""id"":""14f6cg17"",""age"":81,""favoriteIceCreamFlavor"":""strawberry""}",prefer not to say,756eg34a27g055,-86.60757948778445,e5e137g028dab69,60147,37,46950,71627,218
1970-03-11T02:43:37.321Z,2023-07-12T14:46:05.171Z,8965g2ge82ad,119,4,82421,,-118,,6,false,"{""id"":""ge4g0a4b"",""age"":10,""favoriteIceCreamFlavor"":""strawberry""}",-13.472313371291857,-71,,"{""id"":""2f4c7457"",""age"":13,""favoriteIceCreamFlavor"":""vanilla""}",prefer not to say,ffefgcf0ed7f,-58.45317602850167,ee0681ef1,86426,42,31004,22320,406
2004-08-29T16:29:23.519Z,1999-09-13T16:26:21.479Z,17cg018b0a69f12,9,2,39966,-76,-118,,87f4dbd52gf13g399,true,"{""id"":""ba28g11a"",""age"":69,""favoriteIceCreamFlavor"":""strawberry""}",-62.77337432583313,62,,"{""id"":""542c8eee"",""age"":48,""favoriteIceCreamFlavor"":""strawberry""}",male,2ffa741a1143998g2a,-63.17115393142502,35a18g35,35787,32,55474,64577,75
1982-06-06T23:29:15.669Z,1998-10-20T03:10:46.768Z,c7d8a7db4gf48149f6c,-13,5,37356,-76,-44,,cef1bd32ef74b5c963aa,true,"{""id"":""50dfb290"",""age"":59,""favoriteIceCreamFlavor"":""chocolate""}",-158.87834829693205,-157,,"{""id"":""5ec4b93d"",""age"":87,""favoriteIceCreamFlavor"":""strawberry""}",male,2ffa741a1143998g2a,-70.88337000187101,b,32249,52,61402,30954,50
1970-03-11T02:43:37.321Z,1990-02-07T15:54:41.084Z,2eee10071da17b3663,83,4,95642,-77,-23,,g2eb72d,false,"{""id"":""8b5cd8a0"",""age"":68,""favoriteIceCreamFlavor"":""strawberry""}",-51.75925927803185,-199,,"{""id"":""501c03cb"",""age"":23,""favoriteIceCreamFlavor"":""chocolate""}",male,ffefgcf0ed7f,-71.48009724868183,821be4,68928,54,30531,37204,244
1992-03-02T02:26:53.996Z,2004-08-23T21:52:06.425Z,8965g2ge82ad,72,2,31945,-75,-156,,ff6g,true,"{""id"":""6071875b"",""age"":51,""favoriteIceCreamFlavor"":""chocolate""}",-89.01402913429055,-214,-13.472313371291857,"{""id"":""9966abe6"",""age"":17,""favoriteIceCreamFlavor"":""chocolate""}",male,6d,-88.23715739870929,g817gb3,80613,40,53010,41040,223
1970-03-11T02:43:37.321Z,2021-10-13T18:46:52.744Z,edce4,3,4,50748,-77,-98,,g2eb72d,false,"{""id"":""3ba1ea46"",""age"":98,""favoriteIceCreamFlavor"":""vanilla""}",-13.472313371291857,-314,,"{""id"":""fd6ef77e"",""age"":62,""favoriteIceCreamFlavor"":""vanilla""}",male,6d,-88.5723346943852,0c46d,81264,38,169750,54927,-119
1992-03-02T02:26:53.996Z,1971-10-10T15:05:46.616Z,17cg018b0a69f12,21,2,29477,-75,-107,,g2eb72d,true,"{""id"":""1e0961f6"",""age"":62,""favoriteIceCreamFlavor"":""vanilla""}",,-58,,"{""id"":""96d9329c"",""age"":40,""favoriteIceCreamFlavor"":""vanilla""}",female,2ffa741a1143998g2a,-50.533159615068904,b,92462,55,53773,49136,106
1992-03-02T02:26:53.996Z,2007-12-17T16:07:19.870Z,edce4,169,2,12007,-76,-139,,g2eb72d,true,"{""id"":""4ed7a9ee"",""age"":16,""favoriteIceCreamFlavor"":""strawberry""}",-62.77337432583313,-82,,"{""id"":""64974df4"",""age"":96,""favoriteIceCreamFlavor"":""strawberry""}",male,ffefgcf0ed7f,-61.87471493619022,05f6a316ba5c1,57916,50,68555,78098,193
1992-03-02T02:26:53.996Z,1985-10-26T17:15:49.155Z,2eee10071da17b3663,-40,2,94108,-76,-63,,ggf53e76d6a1,false,"{""id"":""092ce1cc"",""age"":23,""favoriteIceCreamFlavor"":""chocolate""}",83.25862821825866,39,,"{""id"":""270f5eb1"",""age"":22,""favoriteIceCreamFlavor"":""vanilla""}",other,ffefgcf0ed7f,-72.97554050234453,33,88264,38,33185,71281,-14
1970-03-11T02:43:37.321Z,2013-01-31T15:20:30.120Z,17cg018b0a69f12,-61,0,83129,-76,-86,,cef1bd32ef74b5c963aa,false,"{""id"":""b1455edb"",""age"":81,""favoriteIceCreamFlavor"":""strawberry""}",-158.87834829693205,-333,,"{""id"":""536719ff"",""age"":10,""favoriteIceCreamFlavor"":""chocolate""}",male,2ffa741a1143998g2a,-65.21699420849018,a28f3cef2e,18610,,138450,48130,144
1992-03-02T02:26:53.996Z,2014-07-07T22:15:04.461Z,g155af180871ee246,148,0,89523,-76,-101,,d45b23845691720bb,false,"{""id"":""cd6796c9"",""age"":38,""favoriteIceCreamFlavor"":""vanilla""}",-158.87834829693205,-46,,"{""id"":""62daf457"",""age"":79,""favoriteIceCreamFlavor"":""chocolate""}",male,756eg34a27g055,-83.76022669505807,03be22d430gbcg0,40636,41,50675,38223,-124
1970-03-11T02:43:37.321Z,2012-08-15T01:23:12.828Z,g155af180871ee246,61,1,35395,-77,-72,,ff6g,true,"{""id"":""18f2gc7f"",""age"":23,""favoriteIceCreamFlavor"":""chocolate""}",-108.5563195036132,-165,,"{""id"":""5b481856"",""age"":35,""favoriteIceCreamFlavor"":""chocolate""}",prefer not to say,2ffa741a1143998g2a,-69.81108159567074,0a6e,81221,54,53483,140046,184
2004-08-29T16:29:23.519Z,1981-05-25T21:27:05.932Z,17cg018b0a69f12,85,1,62915,-76,-75,,ggf53e76d6a1,false,"{""id"":""58d5af91"",""age"":55,""favoriteIceCreamFlavor"":""vanilla""}",79.09138665023542,104,,"{""id"":""c6gd6495"",""age"":53,""favoriteIceCreamFlavor"":""vanilla""}",female,ffefgcf0ed7f,-50.50643361863072,7,24400,33,43491,39748,98
1982-06-06T23:29:15.669Z,2009-12-06T11:30:20.723Z,edce4,40,3,41182,-77,-34,,cg6077dg1b7d69be39e3,true,"{""id"":""6c379546"",""age"":49,""favoriteIceCreamFlavor"":""chocolate""}",79.09138665023542,-333,,"{""id"":""ge1c4e2a"",""age"":6,""favoriteIceCreamFlavor"":""vanilla""}",female,2ffa741a1143998g2a,-71.9904725188829,ddf,12251,31,50096,27536,-1
1982-06-06T23:29:15.669Z,1995-11-12T12:14:28.359Z,g155af180871ee246,-110,5,54407,-76,-49,,g2eb72d,true,"{""id"":""48641619"",""age"":51,""favoriteIceCreamFlavor"":""vanilla""}",-51.75925927803185,-240,,"{""id"":""8ef5dacg"",""age"":9,""favoriteIceCreamFlavor"":""vanilla""}",,2ffa741a1143998g2a,-70.28581391896721,ab2f1a931f724c,21251,28,147137,102304,-53
1982-06-06T23:29:15.669Z,1993-10-05T22:48:28.620Z,03ef2g,13,1,82622,-75,-72,,g2eb72d,true,"{""id"":""0g0f9a45"",""age"":96,""favoriteIceCreamFlavor"":""chocolate""}",-13.472313371291857,173,,"{""id"":""30ababc7"",""age"":51,""favoriteIceCreamFlavor"":""chocolate""}",prefer not to say,2ffa741a1143998g2a,-79.0232486921687,f,72163,43,65236,48945,60
1992-03-02T02:26:53.996Z,2022-09-30T21:30:38.305Z,17cg018b0a69f12,-45,4,99872,-76,-132,,cef1bd32ef74b5c963aa,true,,-51.75925927803185,74,,"{""id"":""9gd4dc2g"",""age"":82,""favoriteIceCreamFlavor"":""strawberry""}",other,d45b23845691720bb,-75.78415765150459,bb,38085,27,52903,96376,-34
1970-03-11T02:43:37.321Z,2016-03-08T14:38:22.830Z,8965g2ge82ad,-42,14386,24099,-76,-101,,ggf53e76d6a1,true,"{""id"":""fbffe126"",""age"":72,""favoriteIceCreamFlavor"":""vanilla""}",123.71581099041869,-8,,"{""id"":""89331175"",""age"":65,""favoriteIceCreamFlavor"":""chocolate""}",female,ffefgcf0ed7f,-70.18503601626611,6b74b46d9fd9def25,39715,50,38707,64400,165
2004-08-29T16:29:23.519Z,2004-01-24T06:19:59.497Z,g155af180871ee246,-23,,62347,-76,-69,,g2eb72d,false,"{""id"":""eaaff0b6"",""age"":61,""favoriteIceCreamFlavor"":""strawberry""}",-13.472313371291857,-31,,"{""id"":""fc57g46d"",""age"":34,""favoriteIceCreamFlavor"":""chocolate""}",male,756eg34a27g055,-55.225836613817684,9611e102841g3582888,53733,37,31518,35782,112
2004-08-29T16:29:23.519Z,1972-03-12T03:06:55.605Z,03ef2g,47,1,55407,false,-102,,d45b23845691720bb,false,"{""id"":""4a33b9f8"",""age"":60,""favoriteIceCreamFlavor"":""vanilla""}",-158.87834829693205,-372,,"{""id"":""4cc8bc1c"",""age"":15,""favoriteIceCreamFlavor"":""chocolate""}",female,ffefgcf0ed7f,-76.74047045753379,5171a9797g0f74d189,67222,37,42538,44444,41
1970-03-11T02:43:37.321Z,-32,03ef2g,100,1,other,-76,-118,,ggf53e76d6a1,,"{""id"":""eea908c8"",""age"":37,""favoriteIceCreamFlavor"":""chocolate""}",123.71581099041869,-83,,"{""id"":""93d863c9"",""age"":45,""favoriteIceCreamFlavor"":""vanilla""}",prefer not to say,6d,-50.25834112080314,b7g6a6f1gbdac,63145,53,69951,28721,74
1992-03-02T02:26:53.996Z,1971-07-07T10:23:55.568Z,8965g2ge82ad,19,1,27494,-76,-58,,ggf53e76d6a1,false,"{""id"":""63125416"",""age"":34,""favoriteIceCreamFlavor"":""vanilla""}",-158.87834829693205,-139,,"{""id"":""e41f88f7"",""age"":48,""favoriteIceCreamFlavor"":""strawberry""}",female,756eg34a27g055,-78.21833344049969,gd325ea86,98114,38,31815,65863,245
1970-03-11T02:43:37.321Z,1983-06-01T15:45:12.863Z,g155af180871ee246,3,4,27097,-76,-109,,d45b23845691720bb,true,"{""id"":""0d43c4gd"",""age"":45,""favoriteIceCreamFlavor"":""vanilla""}",-51.75925927803185,-73,,"{""id"":""5edb0a34"",""age"":64,""favoriteIceCreamFlavor"":""chocolate""}",male,ffefgcf0ed7f,-70.81639512423853,c28,20050,44,42280,98514,-66
1970-03-11T02:43:37.321Z,1990-09-30T02:39:03.516Z,edce4,58,0,10837,-76,-102,,d45b23845691720bb,true,"{""id"":""f1e158cb"",""age"":36,""favoriteIceCreamFlavor"":""strawberry""}",-158.87834829693205,-85,,"{""id"":""f64ad80d"",""age"":47,""favoriteIceCreamFlavor"":""chocolate""}",female,6d,,766aee505,756eg34a27g055,51,57672,47505,51
1970-03-11T02:43:37.321Z,1976-08-29T06:44:34.565Z,c7d8a7db4gf48149f6c,55,5,62564,-77,-105,,d45b23845691720bb,true,"{""id"":""fa7a746c"",""age"":26,""favoriteIceCreamFlavor"":""strawberry""}",79.09138665023542,-106,,"{""id"":""eb2bac23"",""age"":53,""favoriteIceCreamFlavor"":""strawberry""}",female,2ffa741a1143998g2a,-47.676345217800545,a,25063,52,151526,82841,-6
1982-06-06T23:29:15.669Z,2015-07-06T11:40:08.302Z,2eee10071da17b3663,-71,2,21300,-75,-79,,883f21c62197g19g,false,"{""id"":""866fa2f4"",""age"":62,""favoriteIceCreamFlavor"":""chocolate""}",-62.77337432583313,-171,,"{""id"":""52eb1a07"",""age"":85,""favoriteIceCreamFlavor"":""strawberry""}",other,6d,-61.488106479212334,d0732cgge5a9e91232,66360,40,47270,61735,263
1992-03-02T02:26:53.996Z,2009-02-20T17:24:17.296Z,c7d8a7db4gf48149f6c,35,2,64539,-76,-192,,ggf53e76d6a1,true,"{""id"":""40479a4a"",""age"":68,""favoriteIceCreamFlavor"":""chocolate""}",79.09138665023542,58,,"{""id"":""f90b69d2"",""age"":51,""favoriteIceCreamFlavor"":""vanilla""}",prefer not to say,ffefgcf0ed7f,-73.82047862224756,677dg2974ade,51691,24,36723,65247,359
1992-03-02T02:26:53.996Z,1998-10-24T16:42:01.057Z,2eee10071da17b3663,-56,3,86928,-76,-50,,ff6g,false,"{""id"":""3f27ce35"",""age"":53,""favoriteIceCreamFlavor"":""vanilla""}",-51.75925927803185,-166,,"{""id"":""251aa009"",""age"":7,""favoriteIceCreamFlavor"":""strawberry""}",prefer not to say,2ffa741a1143998g2a,-64.04925260997318,40dd951249fa,65736,50,36666,69436,"{""id"":""4dfc3fac"",""age"":81,""favoriteIceCreamFlavor"":""vanilla""}"